Group ID,Scope,DS Component,DS Source Path,Open Occurrences,Fixed Occurrences,Out of Scope Occurrences,Not Applicable Occurrences,Auditor Status Breakdown,Component Attribution Confidence,Issue Summary,Deque Rule ID,WCAG SC,SC Title,WCAG 2.2 Level,Guideline,Principle,Max Impact,Duplicate Occurrences,Impact Breakdown,Source Reports,Deque Issue IDs,Auditor Issue Links,Auditor Link Precision,Auditor Test Run URLs,Test Run Names,Affected Test Units,Recommended Remediation,Remediation Status,Fixed in DS Version (CHANGELOG match),CHANGELOG Evidence
A11Y-001,Design System — tokens,Design tokens — colour palette,"css/src/tokens/index.css, css/src/variables/index.css",6,1,57,0,"Fixed:1, Open:6, Out of scope:57",Medium (inferred from Deque rule id),Text content lacks 4.5:1 contrast ratio / Elements must meet minimum color contrast ratio thresholds / Text over an image lacks 4.5:1 contrast ratio,"color-contrast, contrast-text-4.5-1, contrast-text-4.5-1-over-image",1.4.3,Contrast (Minimum),AA,1.4 Distinguishable,1 Perceivable,Serious,64,Serious:64,"Innovaccer - User Admin and Help Guide Mobile (Tablet) Web Audit, Innovaccer - User Admin and Help Guide Web Audit","2339067, 2339068, 2339069, 2339070, 2339071, 2339072, 2339073, 2339074, 2339075, 2339076, 2339077, 2339078, 2339079, 2339080, 2339081, 2339082, 2339083, 2339084, 2339085, 2339086, 2339087, 2339088, 2339089, 2339090, 2339091, 2340504, 2340917, 2342012, 2346099, 2353689, 2353690, 2354053, 2354054, 2354585, 2354644, 2354645, 2354646, 2354647, 2354648, 2354649, 2354650, 2354651, 2354652, 2354653, 2354654, 2354655, 2354656, 2354657, 2354658, 2354659, 2354660, 2354661, 2354662, 2354663, 2354664, 2354665, 2354666, 2354667, 2354668, 2355103, 2355206, 2355210, 2355313, 2355407","2339067
2339068
2339069
2339070
2339071
2339072
2339073
2339074
2339075
2339076
2339077
2339078
2339079
2339080
2339081
2339082
2339083
2339084
2339085
2339086
2339087
2339088
2339089
2339090
2339091
2340504
2340917
2342012
2346099
2353689
2353690
2354053
2354054
2354585
2354644
2354645
2354646
2354647
2354648
2354649
2354650
2354651
2354652
2354653
2354654
2354655
2354656
2354657
2354658
2354659
2354660
2354661
2354662
2354663
2354664
2354665
2354666
2354667
2354668
2355103
2355206
2355210
2355313
2355407",Test-run link only — source export omits per-issue auditor URLs; find by Issue ID in the run,https://axeauditor.dequecloud.com/test-run/fb2d5e00-ae0a-11f0-8290-5faeec950510,,Admin Overview | Footer | Help - DAP - Overview | Help Center | Own User details page | Search Combobox | Search and fill out form,Raise text contrast to at least 4.5:1 (3:1 for large text) using approved contrast-safe design tokens from `css/src/variables/index.css`; applies to placeholder and in-focus/hover link text too.,Partially fixed — 6 of 64 occurrences still open per auditor,,
A11Y-002,Design System — component,Icon / Avatar (image alt),"core/components/atoms/icon, core/components/atoms/avatar",3,1,38,0,"Fixed:1, Open:3, Out of scope:38",Medium (inferred from Deque rule id),Text alternative for the informative image is missing / The decorative image is not hidden from screen readers / Images must have alternative text / Text alternative does not present same info as image,"alt-text-decorative-inappropriate, alt-text-different, alt-text-missing, image-alt",1.1.1,Non-text Content,A,1.1 Text Alternatives,1 Perceivable,Critical,42,"Critical:39, Serious:1, Moderate:2","Innovaccer - User Admin and Help Guide Mobile (Tablet) Web Audit, Innovaccer - User Admin and Help Guide Web Audit","2339096, 2339097, 2339098, 2339099, 2339100, 2339101, 2339102, 2339103, 2339104, 2339105, 2339106, 2339107, 2339108, 2339109, 2339110, 2339111, 2339112, 2339113, 2340509, 2353890, 2354346, 2354583, 2354601, 2354673, 2354674, 2354675, 2354676, 2354677, 2354678, 2354679, 2354680, 2354681, 2354682, 2354683, 2354684, 2354685, 2354686, 2354687, 2354688, 2354689, 2354690, 2355406","2339096
2339097
2339098
2339099
2339100
2339101
2339102
2339103
2339104
2339105
2339106
2339107
2339108
2339109
2339110
2339111
2339112
2339113
2340509
2353890
2354346
2354583
2354601
2354673
2354674
2354675
2354676
2354677
2354678
2354679
2354680
2354681
2354682
2354683
2354684
2354685
2354686
2354687
2354688
2354689
2354690
2355406",Test-run link only — source export omits per-issue auditor URLs; find by Issue ID in the run,https://axeauditor.dequecloud.com/test-run/fb2d5e00-ae0a-11f0-8290-5faeec950510,,Admin Overview | Header | Help Center | Level of Access - Permissions tab,"Give informative images/icons a text alternative that conveys the same information (Icon `name` is not an alt text — pass `aria-label`); mark purely decorative graphics `aria-hidden=""true""` with an empty accessible name.",Partially fixed — 3 of 42 occurrences still open per auditor,,
A11Y-003,Design System — tokens,Design tokens — focus ring,"css/src/tokens/index.css, css/src/variables/index.css",0,24,0,0,Fixed:24,Medium (inferred from Deque rule id),Focus indicator lacks 3 to 1 contrast ratio,contrast-focus-indicator,1.4.11,Non-text Contrast,AA,1.4 Distinguishable,1 Perceivable,Serious,24,Serious:24,Innovaccer - User Admin and Help Guide Web Audit,"2339878, 2340074, 2340075, 2341135, 2341161, 2341292, 2341668, 2341674, 2345101, 2345840, 2349461, 2349463, 2349465, 2349642, 2349649, 2350443, 2353836, 2353837, 2353838, 2353877, 2353880, 2353881, 2353886, 2354387","2339878
2340074
2340075
2341135
2341161
2341292
2341668
2341674
2345101
2345840
2349461
2349463
2349465
2349642
2349649
2350443
2353836
2353837
2353838
2353877
2353880
2353881
2353886
2354387",Test-run link only — source export omits per-issue auditor URLs; find by Issue ID in the run,https://axeauditor.dequecloud.com/test-run/fb2d5e00-ae0a-11f0-8290-5faeec950510,,Admin - Secondary Header | Admin Overview | Base Role | Level of Access - Date Access tab | Level of Access - Permissions tab | Own User details page | Roles,"Ensure non-text contrast ≥ 3:1 against adjacent colours for focus indicators, active/selected UI-component boundaries, and meaningful icons; use the focus-ring and border tokens rather than hard-coded colours.",Fixed — validated by auditor (24 closed); DS version not identifiable from CHANGELOG,,
A11Y-004,Design System — component,Interactive components (keyboard operability),,4,8,2,0,"Fixed:8, Open:4, Out of scope:2",Medium (inferred from Deque rule id),Function cannot be performed by keyboard alone,keyboard-inaccessible,2.1.1,Keyboard,A,2.1 Keyboard Accessible,2 Operable,Critical,14,Critical:14,Innovaccer - User Admin and Help Guide Web Audit,"2338868, 2340031, 2340179, 2340404, 2340838, 2341132, 2341338, 2341658, 2341909, 2345102, 2350437, 2350445, 2353883, 2355687","2338868
2340031
2340179
2340404
2340838
2341132
2341338
2341658
2341909
2345102
2350437
2350445
2353883
2355687",Test-run link only — source export omits per-issue auditor URLs; find by Issue ID in the run,https://axeauditor.dequecloud.com/test-run/fb2d5e00-ae0a-11f0-8290-5faeec950510,,Admin - Secondary Header | Admin Overview | Base Role | Help - DAP - Overview | Level of Access - Date Access tab | Level of Access - Permissions tab | Roles,"Make every interactive element operable by keyboard alone: use native `<button>`/`<a>`, or add `tabIndex={0}` plus Enter/Space handlers via the shared space-key utility; give scrollable regions a focusable container.",Partially fixed — 4 of 14 occurrences still open per auditor,,
A11Y-005,Design System — tokens,Design tokens — colour palette,"css/src/tokens/index.css, css/src/variables/index.css",4,3,7,0,"Fixed:3, Open:4, Out of scope:7",Medium (inferred from Deque rule id),State of active component lacks 3 to 1 contrast ratio / Active user interface component lacks 3 to 1 contrast ratio / An icon lacks 3 to 1 contrast ratio,"contrast-graphical-objects-icon-3-1, contrast-uic-active-3-1, contrast-uic-active-3-1-state",1.4.11,Non-text Contrast,AA,1.4 Distinguishable,1 Perceivable,Serious,14,Serious:14,"Innovaccer - User Admin and Help Guide Mobile (Tablet) Web Audit, Innovaccer - User Admin and Help Guide Web Audit","2340073, 2340920, 2341664, 2347951, 2347957, 2347963, 2353649, 2353984, 2354419, 2354596, 2355102, 2355212, 2355215, 2355329","2340073
2340920
2341664
2347951
2347957
2347963
2353649
2353984
2354419
2354596
2355102
2355212
2355215
2355329",Test-run link only — source export omits per-issue auditor URLs; find by Issue ID in the run,https://axeauditor.dequecloud.com/test-run/fb2d5e00-ae0a-11f0-8290-5faeec950510,,Admin Overview | Footer | How can we improve this article dialog | Level of Access - Date Access tab | Roles | Search Combobox | Search and fill out form,"Ensure non-text contrast ≥ 3:1 against adjacent colours for focus indicators, active/selected UI-component boundaries, and meaningful icons; use the focus-ring and border tokens rather than hard-coded colours.",Partially fixed — 4 of 14 occurrences still open per auditor,,
A11Y-006,Design System — component,Navigation (list markup),core/components/organisms/navigation,5,7,0,1,"Fixed:7, Not applicable:1, Open:5",Medium (inferred from Deque rule id),"<ul> and <ol> must only directly contain <li>, <script> or <template> elements / <li> elements must be contained in a <ul> or <ol> / Visual list is not marked up as list","list, listitem, semantic-list",1.3.1,Info and Relationships,A,1.3 Adaptable,1 Perceivable,Serious,13,Serious:13,"Innovaccer - DAP and Analytics Web Audit - Retest, Innovaccer - User Admin and Help Guide Mobile (Tablet) Web Audit, Innovaccer - User Admin and Help Guide Web Audit","2353786, 2353787, 2353788, 2353789, 2353790, 2353791, 2353792, 2353878, 2353900, 2354586, 2355307, 2355325, 2711518","2353786
2353787
2353788
2353789
2353790
2353791
2353792
2353878
2353900
2354586
2355307
2355325
2711518: https://axeauditor.dequecloud.com/test-run/878fe7e8-63d0-11f1-8176-0f09a18241fa/issue/51419cb2-5ea3-417f-8b76-e577d72ee12c","Mixed — some occurrences deep-linked, others test-run only","https://axeauditor.dequecloud.com/test-run/878fe7e8-63d0-11f1-8176-0f09a18241fa
https://axeauditor.dequecloud.com/test-run/fb2d5e00-ae0a-11f0-8290-5faeec950510",Innovaccer - DAP and Analytics Web Audit - Retest_06-09-26-12:25,Admin - Secondary Header | Admin Overview | Base Role | Header | Level of Access - Date Access tab | Level of Access - Permissions tab,"Convey structure semantically: real `<ul>/<ol>` with only `<li>` children, `<table>` with `<th scope>` header cells, heading levels in sequential order, and programmatically associated group labels (`<fieldset>/<legend>` or `role=""group""` + `aria-labelledby`).",Partially fixed — 5 of 13 occurrences still open per auditor,,
A11Y-007,Design System — component,Input / Label,"core/components/atoms/input, core/components/atoms/label",4,7,0,0,"Fixed:7, Open:4",Medium (inferred from Deque rule id),Form elements must have labels,label,4.1.2,"Name, Role, Value",A,4.1 Compatible,4 Robust,Critical,11,Critical:11,"Innovaccer - User Admin and Help Guide Mobile (Tablet) Web Audit, Innovaccer - User Admin and Help Guide Web Audit","2339194, 2339311, 2346100, 2346101, 2346102, 2346103, 2350036, 2350037, 2350038, 2350039, 2354496","2339194
2339311
2346100
2346101
2346102
2346103
2350036
2350037
2350038
2350039
2354496",Test-run link only — source export omits per-issue auditor URLs; find by Issue ID in the run,https://axeauditor.dequecloud.com/test-run/fb2d5e00-ae0a-11f0-8290-5faeec950510,,Admin Overview | Level of Access - Date Access tab | Own User details page | Roles,"Expose correct name, role, value and state: use native semantics first, otherwise set the right `role` plus `aria-label`/`aria-labelledby`, and keep `aria-expanded`, `aria-selected`, `aria-sort`, `aria-checked` and required ARIA attributes in sync with the visual state. Avoid nested interactive elements.",Partially fixed — 4 of 11 occurrences still open per auditor,,
A11Y-008,Design System — component,Button / Link,"core/components/atoms/button, core/components/atoms/link",7,0,4,0,"Open:7, Out of scope:4",Medium (inferred from Deque rule id),ARIA commands must have an accessible name,aria-command-name,4.1.2,"Name, Role, Value",A,4.1 Compatible,4 Robust,Serious,11,Serious:11,"Innovaccer - User Admin and Help Guide Mobile (Tablet) Web Audit, Innovaccer - User Admin and Help Guide Web Audit","2338687, 2339066, 2339188, 2339310, 2340435, 2340503, 2340905, 2346098, 2350035, 2354491, 2354643","2338687
2339066
2339188
2339310
2340435
2340503
2340905
2346098
2350035
2354491
2354643",Test-run link only — source export omits per-issue auditor URLs; find by Issue ID in the run,https://axeauditor.dequecloud.com/test-run/fb2d5e00-ae0a-11f0-8290-5faeec950510,,Admin Overview | Help - DAP - Overview | Help Center | Level of Access - Date Access tab | Level of Access - Permissions tab | Own User details page | Roles,"Expose correct name, role, value and state: use native semantics first, otherwise set the right `role` plus `aria-label`/`aria-labelledby`, and keep `aria-expanded`, `aria-selected`, `aria-sort`, `aria-checked` and required ARIA attributes in sync with the visual state. Avoid nested interactive elements.",Partially fixed — 7 of 11 occurrences still open per auditor,,
A11Y-009,Design System — component,Disclosure controls (Accordion / Dropdown / Menu / Collapsible),"core/components/atoms/dropdown, core/components/organisms/menu, core/components/atoms/collapsible",7,3,0,0,"Fixed:3, Open:7",Medium (inferred from Deque rule id),Expand/collapse state of the element is missing or incorrect,state-aria-expanded-missing-incorrect,4.1.2,"Name, Role, Value",A,4.1 Compatible,4 Robust,Serious,10,Serious:10,"Innovaccer - User Admin and Help Guide Mobile (Tablet) Web Audit, Innovaccer - User Admin and Help Guide Web Audit","2338939, 2345096, 2350495, 2353882, 2354342, 2354350, 2354581, 2354588, 2354597, 2355704","2338939
2345096
2350495
2353882
2354342
2354350
2354581
2354588
2354597
2355704",Test-run link only — source export omits per-issue auditor URLs; find by Issue ID in the run,https://axeauditor.dequecloud.com/test-run/fb2d5e00-ae0a-11f0-8290-5faeec950510,,Admin - Secondary Header | Admin Overview | Base Role | Header | Level of Access - Date Access tab | Level of Access - Permissions tab,"Expose correct name, role, value and state: use native semantics first, otherwise set the right `role` plus `aria-label`/`aria-labelledby`, and keep `aria-expanded`, `aria-selected`, `aria-sort`, `aria-checked` and required ARIA attributes in sync with the visual state. Avoid nested interactive elements.",Partially fixed — 7 of 10 occurrences still open per auditor,,
A11Y-010,Design System — component,Link,core/components/atoms/link,5,3,2,0,"Fixed:3, Open:5, Out of scope:2",Medium (inferred from Deque rule id),Text content lacks 4.5:1 contrast ratio / Control text lacks 4.5:1 contrast ratio on hover or focus,"contrast-link-infocus-4.5-1, contrast-text-4.5-1",1.4.3,Contrast (Minimum),AA,1.4 Distinguishable,1 Perceivable,Serious,10,Serious:10,"Innovaccer - Incare Web Audit MDS issues found, Innovaccer - User Admin and Help Guide Web Audit","2340916, 2341911, 2342010, 2342011, 2342014, 2342522, 2353648, 2353884, 2353902, 2354321","2340916
2341911
2342010
2342011
2342014
2342522: https://axeauditor.dequecloud.com/test-run/aa8a8272-ae0d-11f0-a2d2-5f492969aa5d/issue/32254e40-b09f-11f0-b891-8b08e8cb29e4
2353648
2353884
2353902
2354321","Mixed — some occurrences deep-linked, others test-run only","https://axeauditor.dequecloud.com/test-run/aa8a8272-ae0d-11f0-a2d2-5f492969aa5d
https://axeauditor.dequecloud.com/test-run/fb2d5e00-ae0a-11f0-8290-5faeec950510",Innovoccer - Case and Care Management Web Audit_10-21-25-05:06,Admin - Secondary Header | Admin Overview | Footer | Help - DAP - Overview | Patients,Raise text contrast to at least 4.5:1 (3:1 for large text) using approved contrast-safe design tokens from `css/src/variables/index.css`; applies to placeholder and in-focus/hover link text too.,Partially fixed — 5 of 10 occurrences still open per auditor,,
A11Y-011,Design System — component,Live-region components (Toast / Message / Spinner / Grid),"core/components/atoms/toast, core/components/atoms/message, core/components/atoms/spinner, core/components/organisms/grid",5,3,2,0,"Fixed:3, Open:5, Out of scope:2",Medium (inferred from Deque rule id),Status message not automatically announced,status-msg-not-auto-announced,4.1.3,Status Messages,AA,4.1 Compatible,4 Robust,Serious,10,Serious:10,"Innovaccer - User Admin and Help Guide Mobile (Tablet) Web Audit, Innovaccer - User Admin and Help Guide Web Audit","2339293, 2340921, 2345593, 2349462, 2349647, 2350496, 2355208, 2355209, 2355291, 2355292","2339293
2340921
2345593
2349462
2349647
2350496
2355208
2355209
2355291
2355292",Test-run link only — source export omits per-issue auditor URLs; find by Issue ID in the run,https://axeauditor.dequecloud.com/test-run/fb2d5e00-ae0a-11f0-8290-5faeec950510,,Base Role | Level of Access - Date Access tab | Level of Access - Permissions tab | Own User details page | Roles | Search Combobox | Search and fill out form,"Announce dynamic status changes (loading, saved, validation, result counts) through a live region — `role=""status""` / `aria-live=""polite""` — without moving focus.",Partially fixed — 5 of 10 occurrences still open per auditor,,
A11Y-012,Design System — component,ARIA composite widgets (Listbox / Combobox / Tabs / Grid),"core/components/organisms/listbox, core/components/organisms/combobox, core/components/molecules/tabs, core/components/organisms/grid",4,5,0,0,"Fixed:5, Open:4",Medium (inferred from Deque rule id),Required ARIA attributes must be provided,aria-required-attr,4.1.2,"Name, Role, Value",A,4.1 Compatible,4 Robust,Critical,9,Critical:9,"Innovaccer - User Admin and Help Guide Mobile (Tablet) Web Audit, Innovaccer - User Admin and Help Guide Web Audit","2339189, 2339190, 2339191, 2339192, 2339193, 2354492, 2354493, 2354494, 2354495","2339189
2339190
2339191
2339192
2339193
2354492
2354493
2354494
2354495",Test-run link only — source export omits per-issue auditor URLs; find by Issue ID in the run,https://axeauditor.dequecloud.com/test-run/fb2d5e00-ae0a-11f0-8290-5faeec950510,,Admin Overview,"Expose correct name, role, value and state: use native semantics first, otherwise set the right `role` plus `aria-label`/`aria-labelledby`, and keep `aria-expanded`, `aria-selected`, `aria-sort`, `aria-checked` and required ARIA attributes in sync with the visual state. Avoid nested interactive elements.",Partially fixed — 4 of 9 occurrences still open per auditor,,
A11Y-013,Design System — component,Custom interactive elements (missing role),,2,6,0,1,"Fixed:6, Not applicable:1, Open:2",Medium (inferred from Deque rule id),The element's role is missing or incorrect,aria-role-missing,4.1.2,"Name, Role, Value",A,4.1 Compatible,4 Robust,Critical,9,Critical:9,"Innovaccer - User Admin and Help Guide Mobile (Tablet) Web Audit, Innovaccer - User Admin and Help Guide Web Audit","2341138, 2349466, 2350444, 2353848, 2354582, 2354584, 2354603, 2355297, 2355633","2341138
2349466
2350444
2353848
2354582
2354584
2354603
2355297
2355633",Test-run link only — source export omits per-issue auditor URLs; find by Issue ID in the run,https://axeauditor.dequecloud.com/test-run/fb2d5e00-ae0a-11f0-8290-5faeec950510,,Admin Overview | Base Role | Level of Access - Date Access tab | Level of Access - Permissions tab | Own User details page,"Expose correct name, role, value and state: use native semantics first, otherwise set the right `role` plus `aria-label`/`aria-labelledby`, and keep `aria-expanded`, `aria-selected`, `aria-sort`, `aria-checked` and required ARIA attributes in sync with the visual state. Avoid nested interactive elements.",Partially fixed — 2 of 9 occurrences still open per auditor,,
A11Y-014,Design System — component,Button,core/components/atoms/button,2,5,0,2,"Fixed:5, Not applicable:2, Open:2",Medium (inferred from Deque rule id),Controls have same name but different actions,buttons-confusing,2.4.6,Headings and Labels,AA,2.4 Navigable,2 Operable,Serious,9,Serious:9,"Innovaccer - User Admin and Help Guide Mobile (Tablet) Web Audit, Innovaccer - User Admin and Help Guide Web Audit","2338934, 2340183, 2345689, 2345934, 2350446, 2354589, 2354590, 2354595, 2355419","2338934
2340183
2345689
2345934
2350446
2354589
2354590
2354595
2355419",Test-run link only — source export omits per-issue auditor URLs; find by Issue ID in the run,https://axeauditor.dequecloud.com/test-run/fb2d5e00-ae0a-11f0-8290-5faeec950510,,Admin Overview | Base Role | Level of Access - Date Access tab | Level of Access - Permissions tab | Roles,"Give each control a unique, descriptive programmatic label that starts with its visible text; disambiguate repeated controls (e.g. multiple ""Edit"" buttons) with row/section context, and use meaningful `title`/heading text.",Partially fixed — 2 of 9 occurrences still open per auditor,,
A11Y-015,Product / page level,N/A — product layout (reflow),,5,2,0,1,"Fixed:2, Not applicable:1, Open:5",N/A (not a DS defect),Info or functionality is lost due to overlapping content at 320px equivalent / Info or functionality is unavailable at 320px width equivalent / Content does not reflow to fit 320px width equivalent,"content-horizontal-scroll, content-reflow-content-lost, content-reflow-content-missing",1.4.10,Reflow,AA,1.4 Distinguishable,1 Perceivable,Serious,8,Serious:8,Innovaccer - User Admin and Help Guide Web Audit,"2340723, 2340725, 2341137, 2345842, 2346220, 2349652, 2349653, 2353987","2340723
2340725
2341137
2345842
2346220
2349652
2349653
2353987",Test-run link only — source export omits per-issue auditor URLs; find by Issue ID in the run,https://axeauditor.dequecloud.com/test-run/fb2d5e00-ae0a-11f0-8290-5faeec950510,,Admin Overview | Base Role | Help - DAP - Overview | Level of Access - Date Access tab | Own User details page | Roles,"Support reflow at 320 CSS px with no two-dimensional scrolling — no fixed pixel widths, allow wrapping, and keep all content reachable.",Not a DS defect — product/page level,,
A11Y-016,Design System — component,Button,core/components/atoms/button,4,2,1,0,"Fixed:2, Open:4, Out of scope:1",Medium (inferred from Deque rule id),Button does not have a role / Button is missing both a role and a name / Buttons must have discernible text,"button-missing-role, button-name, button-role-name-missing",4.1.2,"Name, Role, Value",A,4.1 Compatible,4 Robust,Critical,7,"Critical:2, Serious:5","Innovaccer - Incare Web Audit MDS issues found, Innovaccer - User Admin and Help Guide Mobile (Tablet) Web Audit, Innovaccer - User Admin and Help Guide Web Audit","2340839, 2345596, 2348723, 2354337, 2354339, 2354343, 2354604","2340839
2345596
2348723: https://axeauditor.dequecloud.com/test-run/aa8a8272-ae0d-11f0-a2d2-5f492969aa5d/issue/70953d20-b400-11f0-885b-4f90a1994552
2354337
2354339
2354343
2354604","Mixed — some occurrences deep-linked, others test-run only","https://axeauditor.dequecloud.com/test-run/aa8a8272-ae0d-11f0-a2d2-5f492969aa5d
https://axeauditor.dequecloud.com/test-run/fb2d5e00-ae0a-11f0-8290-5faeec950510",Innovoccer - Case and Care Management Web Audit_10-21-25-05:06,Admin Overview | Document | Header | How can we improve this article dialog,"Expose correct name, role, value and state: use native semantics first, otherwise set the right `role` plus `aria-label`/`aria-labelledby`, and keep `aria-expanded`, `aria-selected`, `aria-sort`, `aria-checked` and required ARIA attributes in sync with the visual state. Avoid nested interactive elements.",Partially fixed — 4 of 7 occurrences still open per auditor,,
A11Y-017,Design System — component,Input,core/components/atoms/input,4,1,2,0,"Fixed:1, Open:4, Out of scope:2",Medium (inferred from Deque rule id),Placeholder text lacks 4.5:1 contrast ratio,contrast-text-4.5-1-placeholder,1.4.3,Contrast (Minimum),AA,1.4 Distinguishable,1 Perceivable,Serious,7,Serious:7,"Innovaccer - Incare Web Audit MDS issues found, Innovaccer - User Admin and Help Guide Mobile (Tablet) Web Audit, Innovaccer - User Admin and Help Guide Web Audit","2342544, 2345488, 2354418, 2355205, 2355211, 2355309, 2371018","2342544: https://axeauditor.dequecloud.com/test-run/aa8a8272-ae0d-11f0-a2d2-5f492969aa5d/issue/1ec3e6c0-b0a1-11f0-8af6-fbe333191d68
2345488: https://axeauditor.dequecloud.com/test-run/aa8a8272-ae0d-11f0-a2d2-5f492969aa5d/issue/d81a2338-b2f3-11f0-bd21-eb7eb41dee14
2354418
2355205
2355211
2355309
2371018: https://axeauditor.dequecloud.com/test-run/9e878f64-b8a4-11f0-b13a-430b8706e058/issue/5a2f73d8-bebf-11f0-9a01-c707a857d243","Mixed — some occurrences deep-linked, others test-run only","https://axeauditor.dequecloud.com/test-run/9e878f64-b8a4-11f0-b13a-430b8706e058
https://axeauditor.dequecloud.com/test-run/aa8a8272-ae0d-11f0-a2d2-5f492969aa5d
https://axeauditor.dequecloud.com/test-run/fb2d5e00-ae0a-11f0-8290-5faeec950510",Innovaccer - Case and Care Management Web Mobile (Tablet) Audit_11-03-25-04:31 | Innovoccer - Case and Care Management Web Audit_10-21-25-05:06,Assessments | Patient Consent | Search Combobox | Search and fill out form,Raise text contrast to at least 4.5:1 (3:1 for large text) using approved contrast-safe design tokens from `css/src/variables/index.css`; applies to placeholder and in-focus/hover link text too.,Partially fixed — 4 of 7 occurrences still open per auditor,,
A11Y-018,Design System — component,Modal / Sidesheet,"core/components/molecules/modal, core/components/molecules/sidesheet",3,3,1,0,"Fixed:3, Open:3, Out of scope:1",Medium (inferred from Deque rule id),"Keyboard focus is not placed on opened modal / Keyboard focus is not maintained in modal / Modal is closed, focus is not returned to trigger","focus-modal-moves-outside, focus-modal-none, focus-modal-not-returned",2.4.3,Focus Order,A,2.4 Navigable,2 Operable,Serious,7,Serious:7,Innovaccer - User Admin and Help Guide Web Audit,"2353887, 2353888, 2353889, 2354409, 2355686, 2355689, 2355690","2353887
2353888
2353889
2354409
2355686
2355689
2355690",Test-run link only — source export omits per-issue auditor URLs; find by Issue ID in the run,https://axeauditor.dequecloud.com/test-run/fb2d5e00-ae0a-11f0-8290-5faeec950510,,Admin - Secondary Header | How can we improve this article dialog | Own User details page,"Keep focus order logical and trap focus inside modals/overlays: move focus to the dialog on open, cycle within it, restore focus to the trigger on close, and never focus visually hidden items.",Partially fixed — 3 of 7 occurrences still open per auditor,,
A11Y-019,Design System — component,Text,core/components/atoms/text,7,0,0,0,Open:7,High (declared in source report),Elements must meet minimum color contrast ratio thresholds / Text content lacks 4.5:1 contrast ratio,"color-contrast, contrast-text-4.5-1",1.4.3,Contrast (Minimum),AA,1.4 Distinguishable,1 Perceivable,Serious,7,Serious:7,Innovaccer - Incare Web Audit MDS issues found,"2341079, 2341080, 2341081, 2342525, 2342526, 2352500, 2412971","2341079: https://axeauditor.dequecloud.com/test-run/aa8a8272-ae0d-11f0-a2d2-5f492969aa5d/issue/89d0ad06-b843-48e0-a148-b0264c8caf5c
2341080: https://axeauditor.dequecloud.com/test-run/aa8a8272-ae0d-11f0-a2d2-5f492969aa5d/issue/a0279349-f157-4af5-af7e-964bdf6a4c21
2341081: https://axeauditor.dequecloud.com/test-run/aa8a8272-ae0d-11f0-a2d2-5f492969aa5d/issue/4ba028a6-b7b6-4f0f-890c-7365f7de0852
2342525: https://axeauditor.dequecloud.com/test-run/aa8a8272-ae0d-11f0-a2d2-5f492969aa5d/issue/630b9ec2-c754-484f-b86d-50252cbd8be6
2342526: https://axeauditor.dequecloud.com/test-run/aa8a8272-ae0d-11f0-a2d2-5f492969aa5d/issue/a5d3592f-2b93-49cc-8284-c08ec4a1fc85
2352500: https://axeauditor.dequecloud.com/test-run/aa8a8272-ae0d-11f0-a2d2-5f492969aa5d/issue/a97d5886-6db8-4537-a85a-7227e52598a8
2412971: https://axeauditor.dequecloud.com/test-run/aa8a8272-ae0d-11f0-a2d2-5f492969aa5d/issue/1d987b72-d418-11f0-a1b5-7bd4cd5d1f2d",Per-issue deep link,https://axeauditor.dequecloud.com/test-run/aa8a8272-ae0d-11f0-a2d2-5f492969aa5d,Innovoccer - Case and Care Management Web Audit_10-21-25-05:06,Due - Week view | My Case details page | Patient Consent | Phone Number Section,Raise text contrast to at least 4.5:1 (3:1 for large text) using approved contrast-safe design tokens from `css/src/variables/index.css`; applies to placeholder and in-focus/hover link text too.,Open — remediation required (7 occurrences),,
A11Y-020,Design System — component,Selection controls (Tabs / VerticalNav / Listbox / Chip),"core/components/molecules/tabs, core/components/organisms/verticalNav, core/components/organisms/listbox, core/components/atoms/chip",2,2,2,0,"Fixed:2, Open:2, Out of scope:2",Medium (inferred from Deque rule id),Selected state of the element is missing or incorrect,state-selected-missing-incorrect,4.1.2,"Name, Role, Value",A,4.1 Compatible,4 Robust,Serious,6,Serious:6,"Innovaccer - User Admin and Help Guide Mobile (Tablet) Web Audit, Innovaccer - User Admin and Help Guide Web Audit","2340841, 2341391, 2350438, 2353879, 2355397, 2355420","2340841
2341391
2350438
2353879
2355397
2355420",Test-run link only — source export omits per-issue auditor URLs; find by Issue ID in the run,https://axeauditor.dequecloud.com/test-run/fb2d5e00-ae0a-11f0-8290-5faeec950510,,Admin - Secondary Header | Help - DAP - Overview | Level of Access - Date Access tab,"Expose correct name, role, value and state: use native semantics first, otherwise set the right `role` plus `aria-label`/`aria-labelledby`, and keep `aria-expanded`, `aria-selected`, `aria-sort`, `aria-checked` and required ARIA attributes in sync with the visual state. Avoid nested interactive elements.",Partially fixed — 2 of 6 occurrences still open per auditor,,
A11Y-021,Design System — component,Input,core/components/atoms/input,2,0,3,0,"Open:2, Out of scope:3",Medium (inferred from Deque rule id),Label is not persistent / Visible label missing,"label-is-placeholder, label-not-present",3.3.2,Labels or Instructions,A,3.3 Input Assistance,3 Understandable,Serious,5,Serious:5,"Innovaccer - User Admin and Help Guide Mobile (Tablet) Web Audit, Innovaccer - User Admin and Help Guide Web Audit","2347996, 2353869, 2354192, 2355213, 2355332","2347996
2353869
2354192
2355213
2355332",Test-run link only — source export omits per-issue auditor URLs; find by Issue ID in the run,https://axeauditor.dequecloud.com/test-run/fb2d5e00-ae0a-11f0-8290-5faeec950510,,How can we improve this article dialog | Own User details page | Search Combobox | Search and fill out form,Provide a persistent visible `<label>` associated with every input — placeholder text is not a label; add labels to native and custom selects.,Partially fixed — 2 of 5 occurrences still open per auditor,4.24.0,Input: forward aria-labelledby and honour consumer tabIndex
A11Y-022,Product / page level,N/A — page markup (<html lang>),,1,0,4,0,"Open:1, Out of scope:4",N/A (not a DS defect),<html> element must have a valid value for the lang attribute,html-lang-valid,3.1.1,Language of Page,A,3.1 Readable,3 Understandable,Serious,5,Serious:5,"Innovaccer - User Admin and Help Guide Mobile (Tablet) Web Audit, Innovaccer - User Admin and Help Guide Web Audit","2339095, 2340439, 2340508, 2340909, 2354672","2339095
2340439
2340508
2340909
2354672",Test-run link only — source export omits per-issue auditor URLs; find by Issue ID in the run,https://axeauditor.dequecloud.com/test-run/fb2d5e00-ae0a-11f0-8290-5faeec950510,,Help - DAP - Overview | Help Center,Set a valid `lang` attribute on the `<html>` element of the page/iframe.,Not a DS defect — product/page level,,
A11Y-023,Product / page level,N/A — page markup (<title>),,1,4,0,0,"Fixed:4, Open:1",N/A (not a DS defect),Page TITLE element does not identify purpose of page,title-not-meaningful,2.4.6,Headings and Labels,AA,2.4 Navigable,2 Operable,Serious,5,"Serious:3, Moderate:2","Innovaccer - User Admin and Help Guide Mobile (Tablet) Web Audit, Innovaccer - User Admin and Help Guide Web Audit","2340737, 2345690, 2346219, 2355266, 2355725","2340737
2345690
2346219
2355266
2355725",Test-run link only — source export omits per-issue auditor URLs; find by Issue ID in the run,https://axeauditor.dequecloud.com/test-run/fb2d5e00-ae0a-11f0-8290-5faeec950510,,Admin Overview | Base Role | Own User details page | Roles,"Give each control a unique, descriptive programmatic label that starts with its visible text; disambiguate repeated controls (e.g. multiple ""Edit"" buttons) with row/section context, and use meaningful `title`/heading text.",Not a DS defect — product/page level,,
A11Y-024,Product / page level,N/A — page markup (iframe),,1,0,4,0,"Open:1, Out of scope:4",N/A (not a DS defect),Frames must have an accessible name,frame-title,4.1.2,"Name, Role, Value",A,4.1 Compatible,4 Robust,Serious,5,Serious:5,"Innovaccer - User Admin and Help Guide Mobile (Tablet) Web Audit, Innovaccer - User Admin and Help Guide Web Audit","2339094, 2340438, 2340507, 2340908, 2354671","2339094
2340438
2340507
2340908
2354671",Test-run link only — source export omits per-issue auditor URLs; find by Issue ID in the run,https://axeauditor.dequecloud.com/test-run/fb2d5e00-ae0a-11f0-8290-5faeec950510,,Help - DAP - Overview | Help Center,"Expose correct name, role, value and state: use native semantics first, otherwise set the right `role` plus `aria-label`/`aria-labelledby`, and keep `aria-expanded`, `aria-selected`, `aria-sort`, `aria-checked` and required ARIA attributes in sync with the visual state. Avoid nested interactive elements.",Not a DS defect — product/page level,,
A11Y-025,Product / page level,N/A — product DOM order,,2,3,0,0,"Fixed:3, Open:2",N/A (not a DS defect),Correct reading order of dynamic content not determinable,new-content-bad-location,1.3.2,Meaningful Sequence,A,1.3 Adaptable,1 Perceivable,Serious,5,Serious:5,"Innovaccer - User Admin and Help Guide Mobile (Tablet) Web Audit, Innovaccer - User Admin and Help Guide Web Audit","2341392, 2354592, 2354594, 2354598, 2355409","2341392
2354592
2354594
2354598
2355409",Test-run link only — source export omits per-issue auditor URLs; find by Issue ID in the run,https://axeauditor.dequecloud.com/test-run/fb2d5e00-ae0a-11f0-8290-5faeec950510,,Admin Overview | Roles,"Make DOM order match visual reading order; inject dynamically revealed content (menus, popovers, inline messages) immediately after its trigger and keep hidden content out of the reading order with `hidden`/`display:none` rather than visual offsets.",Not a DS defect — product/page level,,
A11Y-026,Design System — component,Breadcrumbs,core/components/atoms/breadcrumbs,1,1,3,0,"Fixed:1, Open:1, Out of scope:3",Medium (inferred from Deque rule id),Breadcrumb region is missing appropriate roles and/or attributes,custom-breadcrumb,4.1.2,"Name, Role, Value",A,4.1 Compatible,4 Robust,Moderate,5,Moderate:5,"Innovaccer - User Admin and Help Guide Mobile (Tablet) Web Audit, Innovaccer - User Admin and Help Guide Web Audit","2340481, 2340837, 2341694, 2345095, 2355396","2340481
2340837
2341694
2345095
2355396",Test-run link only — source export omits per-issue auditor URLs; find by Issue ID in the run,https://axeauditor.dequecloud.com/test-run/fb2d5e00-ae0a-11f0-8290-5faeec950510,,Base Role | Help - DAP - Overview,"Expose correct name, role, value and state: use native semantics first, otherwise set the right `role` plus `aria-label`/`aria-labelledby`, and keep `aria-expanded`, `aria-selected`, `aria-sort`, `aria-checked` and required ARIA attributes in sync with the visual state. Avoid nested interactive elements.",Partially fixed — 1 of 5 occurrences still open per auditor,4.22.0,breadcrumbs: enhance accessibility by adding aria-labels and changing div to nav
A11Y-027,Design System — tokens,Design tokens — focus ring,"css/src/tokens/index.css, css/src/variables/index.css",0,1,3,0,"Fixed:1, Out of scope:3",Medium (inferred from Deque rule id),Focus indicator is missing / Focus indicator is not visible,"focus-indicator-missing, focus-not-clearly-visible",2.4.7,Focus Visible,AA,2.4 Navigable,2 Operable,Critical,4,"Critical:3, Serious:1",Innovaccer - User Admin and Help Guide Web Audit,"2340449, 2341310, 2347680, 2354211","2340449
2341310
2347680
2354211",Test-run link only — source export omits per-issue auditor URLs; find by Issue ID in the run,https://axeauditor.dequecloud.com/test-run/fb2d5e00-ae0a-11f0-8290-5faeec950510,,Admin Overview | How can we improve this article dialog | Search and fill out form,Provide a visible `:focus-visible` indicator on every focusable element — never `outline: none` without a token-based replacement ring.,"Fixed — validated by auditor (1 closed, 3 out of scope); DS version not identifiable from CHANGELOG",,
A11Y-028,Design System — component,Dropdown / Combobox,"core/components/atoms/dropdown, core/components/organisms/combobox",3,0,1,0,"Open:3, Out of scope:1",Medium (inferred from Deque rule id),Combobox is missing appropriate roles and/or attributes,custom-combobox,4.1.2,"Name, Role, Value",A,4.1 Compatible,4 Robust,Critical,4,Critical:4,"Innovaccer - User Admin and Help Guide Mobile (Tablet) Web Audit, Innovaccer - User Admin and Help Guide Web Audit","2340029, 2342095, 2355207, 2355320","2340029
2342095
2355207
2355320",Test-run link only — source export omits per-issue auditor URLs; find by Issue ID in the run,https://axeauditor.dequecloud.com/test-run/fb2d5e00-ae0a-11f0-8290-5faeec950510,,Admin Overview | Roles | Search Combobox | Search and fill out form,"Expose correct name, role, value and state: use native semantics first, otherwise set the right `role` plus `aria-label`/`aria-labelledby`, and keep `aria-expanded`, `aria-selected`, `aria-sort`, `aria-checked` and required ARIA attributes in sync with the visual state. Avoid nested interactive elements.",Partially fixed — 3 of 4 occurrences still open per auditor,,
A11Y-029,Design System — component,Icon,core/components/atoms/icon,3,1,0,0,"Fixed:1, Open:3",High (matched DS markup in captured source),Programmatic label does not convey purpose of control,label-programmatic-not-descriptive,2.4.6,Headings and Labels,AA,2.4 Navigable,2 Operable,Serious,4,Serious:4,"DS audit report, Innovaccer - Incare Web Audit MDS issues found","2350899, 2352169, 2356803, 2356985","2350899: https://axeauditor.dequecloud.com/test-run/45b36198-b498-11f0-a843-6f41ab87c814/issue/f9027608-b4a7-11f0-bb7a-8b06d72282b2
2352169: https://axeauditor.dequecloud.com/test-run/45b36198-b498-11f0-a843-6f41ab87c814/issue/4168cca4-b4d9-11f0-b779-af87fbe40b3b
2356803: https://axeauditor.dequecloud.com/test-run/45b36198-b498-11f0-a843-6f41ab87c814/issue/a2112acc-b666-11f0-992e-07b5028d022e
2356985: https://axeauditor.dequecloud.com/test-run/aa8a8272-ae0d-11f0-a2d2-5f492969aa5d/issue/8306b73e-b795-11f0-93db-8353a4da7f74",Per-issue deep link,"https://axeauditor.dequecloud.com/test-run/45b36198-b498-11f0-a843-6f41ab87c814
https://axeauditor.dequecloud.com/test-run/aa8a8272-ae0d-11f0-a2d2-5f492969aa5d",Innovaccer - Design System Audit_10-29-25-12:53 | Innovoccer - Case and Care Management Web Audit_10-21-25-05:06,Basic Form | Date Picker | My Case details page | Time Period Form,"Give each control a unique, descriptive programmatic label that starts with its visible text; disambiguate repeated controls (e.g. multiple ""Edit"" buttons) with row/section context, and use meaningful `title`/heading text.",Partially fixed — 3 of 4 occurrences still open per auditor,4.26.0,Icon: announce aria-label instead of icon name (role=img)
A11Y-030,Design System — component,Labelled controls (Input / Button / Select),"core/components/atoms/input, core/components/atoms/button, core/components/organisms/select",2,1,1,0,"Fixed:1, Open:2, Out of scope:1",Medium (inferred from Deque rule id),Programmatic label does not convey purpose of control,label-programmatic-not-descriptive,2.4.6,Headings and Labels,AA,2.4 Navigable,2 Operable,Serious,4,Serious:4,"Innovaccer - User Admin and Help Guide Mobile (Tablet) Web Audit, Innovaccer - User Admin and Help Guide Web Audit","2347965, 2353650, 2354580, 2355669","2347965
2353650
2354580
2355669",Test-run link only — source export omits per-issue auditor URLs; find by Issue ID in the run,https://axeauditor.dequecloud.com/test-run/fb2d5e00-ae0a-11f0-8290-5faeec950510,,Admin Overview | Footer | How can we improve this article dialog,"Give each control a unique, descriptive programmatic label that starts with its visible text; disambiguate repeated controls (e.g. multiple ""Edit"" buttons) with row/section context, and use meaningful `title`/heading text.",Partially fixed — 2 of 4 occurrences still open per auditor,,
A11Y-031,Product / page level,N/A — product layout (text zoom),,3,1,0,0,"Fixed:1, Open:3",N/A (not a DS defect),Functionality is lost at 200% zoom,resize-text-function-lost,1.4.4,Resize text,AA,1.4 Distinguishable,1 Perceivable,Serious,4,Serious:4,Innovaccer - User Admin and Help Guide Web Audit,"2341133, 2349651, 2354216, 2355324","2341133
2349651
2354216
2355324",Test-run link only — source export omits per-issue auditor URLs; find by Issue ID in the run,https://axeauditor.dequecloud.com/test-run/fb2d5e00-ae0a-11f0-8290-5faeec950510,,Help - DAP - Overview | Level of Access - Date Access tab | Own User details page | Roles,Keep all content and function available at 200% text zoom — use relative units (`rem`) and avoid fixed heights that clip or hide controls.,Not a DS defect — product/page level,,
A11Y-032,Design System — component,Avatar,core/components/atoms/avatar,3,0,0,0,Open:3,High (matched DS markup in captured source),Required ARIA attributes must be provided,aria-required-attr,4.1.2,"Name, Role, Value",A,4.1 Compatible,4 Robust,Critical,3,Critical:3,Innovaccer - DAP and Analytics Web Audit - Retest,"2710766, 2710767, 2710768","2710766: https://axeauditor.dequecloud.com/test-run/878fe7e8-63d0-11f1-8176-0f09a18241fa/issue/68e1db81-8a03-43e8-b009-c652d34c0762
2710767: https://axeauditor.dequecloud.com/test-run/878fe7e8-63d0-11f1-8176-0f09a18241fa/issue/1d12d576-52c9-4e1e-bef2-63b7237de85a
2710768: https://axeauditor.dequecloud.com/test-run/878fe7e8-63d0-11f1-8176-0f09a18241fa/issue/c65107a4-e495-4868-86cd-53f554339d09",Per-issue deep link,https://axeauditor.dequecloud.com/test-run/878fe7e8-63d0-11f1-8176-0f09a18241fa,Innovaccer - DAP and Analytics Web Audit - Retest_06-09-26-12:25,Cohort Builder,"Expose correct name, role, value and state: use native semantics first, otherwise set the right `role` plus `aria-label`/`aria-labelledby`, and keep `aria-expanded`, `aria-selected`, `aria-sort`, `aria-checked` and required ARIA attributes in sync with the visual state. Avoid nested interactive elements.",Open — remediation required (3 occurrences),,
A11Y-033,Design System — component,Interactive atoms (keyboard handlers),,2,1,0,0,"Fixed:1, Open:2",Medium (inferred from Deque rule id),Action cannot be performed with a screen reader turned on,keyboard-not-touch-accessible,2.1.1,Keyboard,A,2.1 Keyboard Accessible,2 Operable,Critical,3,Critical:3,Innovaccer - User Admin and Help Guide Mobile (Tablet) Web Audit,"2354336, 2354351, 2355537","2354336
2354351
2355537",None — source export has no auditor URL; look up by Issue ID in axe Auditor,,,Admin Overview | Header,"Make every interactive element operable by keyboard alone: use native `<button>`/`<a>`, or add `tabIndex={0}` plus Enter/Space handlers via the shared space-key utility; give scrollable regions a focusable container.",Partially fixed — 2 of 3 occurrences still open per auditor,,
A11Y-034,Design System — component,Table / Grid,"core/components/organisms/table, core/components/organisms/grid",0,3,0,0,Fixed:3,Medium (inferred from Deque rule id),Content should be in a data table but is not,semantic-data-table,1.3.1,Info and Relationships,A,1.3 Adaptable,1 Perceivable,Critical,3,Critical:3,Innovaccer - User Admin and Help Guide Web Audit,"2340172, 2349641, 2355635","2340172
2349641
2355635",Test-run link only — source export omits per-issue auditor URLs; find by Issue ID in the run,https://axeauditor.dequecloud.com/test-run/fb2d5e00-ae0a-11f0-8290-5faeec950510,,Admin Overview | Own User details page | Roles,"Convey structure semantically: real `<ul>/<ol>` with only `<li>` children, `<table>` with `<th scope>` header cells, heading levels in sequential order, and programmatically associated group labels (`<fieldset>/<legend>` or `role=""group""` + `aria-labelledby`).",Fixed — validated by auditor (3 closed); DS version not identifiable from CHANGELOG,,
A11Y-035,Design System — component,Avatar,core/components/atoms/avatar,3,0,0,0,Open:3,High (matched DS markup in captured source),Interactive controls must not be nested,nested-interactive,4.1.2,"Name, Role, Value",A,4.1 Compatible,4 Robust,Serious,3,Serious:3,Innovaccer - DAP and Analytics Web Audit - Retest,"2710774, 2710775, 2710776","2710774: https://axeauditor.dequecloud.com/test-run/878fe7e8-63d0-11f1-8176-0f09a18241fa/issue/78b5f560-23ed-4e09-a02d-5f8ead478180
2710775: https://axeauditor.dequecloud.com/test-run/878fe7e8-63d0-11f1-8176-0f09a18241fa/issue/9a895cd3-b1c8-4da0-95a4-a513902298fd
2710776: https://axeauditor.dequecloud.com/test-run/878fe7e8-63d0-11f1-8176-0f09a18241fa/issue/c7a2d341-a64c-4feb-9c38-4e71bbd6fb74",Per-issue deep link,https://axeauditor.dequecloud.com/test-run/878fe7e8-63d0-11f1-8176-0f09a18241fa,Innovaccer - DAP and Analytics Web Audit - Retest_06-09-26-12:25,Cohort Builder,"Expose correct name, role, value and state: use native semantics first, otherwise set the right `role` plus `aria-label`/`aria-labelledby`, and keep `aria-expanded`, `aria-selected`, `aria-sort`, `aria-checked` and required ARIA attributes in sync with the visual state. Avoid nested interactive elements.",Open — remediation required (3 occurrences),,
A11Y-036,Design System — component,Heading,core/components/atoms/heading,3,0,0,0,Open:3,Medium (inferred from Deque rule id),Visual heading text is not marked as heading,semantic-heading,1.3.1,Info and Relationships,A,1.3 Adaptable,1 Perceivable,Serious,3,Serious:3,"Innovaccer - User Admin and Help Guide Mobile (Tablet) Web Audit, Innovaccer - User Admin and Help Guide Web Audit","2340845, 2341162, 2354578","2340845
2341162
2354578",Test-run link only — source export omits per-issue auditor URLs; find by Issue ID in the run,https://axeauditor.dequecloud.com/test-run/fb2d5e00-ae0a-11f0-8290-5faeec950510,,Admin Overview | Help - DAP - Overview,"Convey structure semantically: real `<ul>/<ol>` with only `<li>` children, `<table>` with `<th scope>` header cells, heading levels in sequential order, and programmatically associated group labels (`<fieldset>/<legend>` or `role=""group""` + `aria-labelledby`).",Open — remediation required (3 occurrences),,
A11Y-037,Design System — component,Heading,core/components/atoms/heading,2,0,1,0,"Open:2, Out of scope:1",Medium (inferred from Deque rule id),Heading levels are out of order,heading-level-order,1.3.1,Info and Relationships,A,1.3 Adaptable,1 Perceivable,Serious,3,Serious:3,Innovaccer - User Admin and Help Guide Web Audit,"2354257, 2354402, 2355333","2354257
2354402
2355333",Test-run link only — source export omits per-issue auditor URLs; find by Issue ID in the run,https://axeauditor.dequecloud.com/test-run/fb2d5e00-ae0a-11f0-8290-5faeec950510,,Help - DAP - Overview | Help Center,"Convey structure semantically: real `<ul>/<ol>` with only `<li>` children, `<table>` with `<th scope>` header cells, heading levels in sequential order, and programmatically associated group labels (`<fieldset>/<legend>` or `role=""group""` + `aria-labelledby`).",Partially fixed — 2 of 3 occurrences still open per auditor,,
A11Y-038,Design System — component,Input,core/components/atoms/input,1,0,2,0,"Open:1, Out of scope:2",Medium (inferred from Deque rule id),Identify input purpose missing,id-input-purpose-missing,1.3.5,Identify Input Purpose,AA,1.3 Adaptable,1 Perceivable,Serious,3,Serious:3,"Innovaccer - User Admin and Help Guide Mobile (Tablet) Web Audit, Innovaccer - User Admin and Help Guide Web Audit","2347995, 2354204, 2355220","2347995
2354204
2355220",Test-run link only — source export omits per-issue auditor URLs; find by Issue ID in the run,https://axeauditor.dequecloud.com/test-run/fb2d5e00-ae0a-11f0-8290-5faeec950510,,How can we improve this article dialog | Search Combobox | Search and fill out form,"Add the correct `autocomplete` token (`name`, `email`, `tel`, `postal-code`, …) to inputs collecting known user data.",Partially fixed — 1 of 3 occurrences still open per auditor,,
A11Y-039,Design System — component,Modal / Sidesheet,"core/components/molecules/modal, core/components/molecules/sidesheet",1,1,1,0,"Fixed:1, Open:1, Out of scope:1",Medium (inferred from Deque rule id),Able to browse outside modal with screen reader,reading-order-browse-outside-modal,1.3.2,Meaningful Sequence,A,1.3 Adaptable,1 Perceivable,Serious,3,Serious:3,Innovaccer - User Admin and Help Guide Web Audit,"2347679, 2355151, 2355692","2347679
2355151
2355692",Test-run link only — source export omits per-issue auditor URLs; find by Issue ID in the run,https://axeauditor.dequecloud.com/test-run/fb2d5e00-ae0a-11f0-8290-5faeec950510,,Admin - Secondary Header | How can we improve this article dialog | Own User details page,"Make DOM order match visual reading order; inject dynamically revealed content (menus, popovers, inline messages) immediately after its trigger and keep hidden content out of the reading order with `hidden`/`display:none` rather than visual offsets.",Partially fixed — 1 of 3 occurrences still open per auditor,,
A11Y-040,Product / page level,N/A — product DOM order,,2,1,0,0,"Fixed:1, Open:2",N/A (not a DS defect),Hidden content is readable with a screen reader,reading-order-hidden-content,1.3.2,Meaningful Sequence,A,1.3 Adaptable,1 Perceivable,Serious,3,Serious:3,Innovaccer - User Admin and Help Guide Web Audit,"2345099, 2354414, 2355424","2345099
2354414
2355424",Test-run link only — source export omits per-issue auditor URLs; find by Issue ID in the run,https://axeauditor.dequecloud.com/test-run/fb2d5e00-ae0a-11f0-8290-5faeec950510,,Base Role | Level of Access - Permissions tab | Project wide,"Make DOM order match visual reading order; inject dynamically revealed content (menus, popovers, inline messages) immediately after its trigger and keep hidden content out of the reading order with `hidden`/`display:none` rather than visual offsets.",Not a DS defect — product/page level,,
A11Y-041,Design System — component,Modal / Sidesheet,"core/components/molecules/modal, core/components/molecules/sidesheet",1,1,1,0,"Fixed:1, Open:1, Out of scope:1",Medium (inferred from Deque rule id),Dialog / Alert Dialog: Dialog is missing appropriate role and/or attributes,custom-dialog,4.1.2,"Name, Role, Value",A,4.1 Compatible,4 Robust,Moderate,3,Moderate:3,Innovaccer - User Admin and Help Guide Web Audit,"2347969, 2353885, 2355683","2347969
2353885
2355683",Test-run link only — source export omits per-issue auditor URLs; find by Issue ID in the run,https://axeauditor.dequecloud.com/test-run/fb2d5e00-ae0a-11f0-8290-5faeec950510,,Admin - Secondary Header | How can we improve this article dialog | Own User details page,"Expose correct name, role, value and state: use native semantics first, otherwise set the right `role` plus `aria-label`/`aria-labelledby`, and keep `aria-expanded`, `aria-selected`, `aria-sort`, `aria-checked` and required ARIA attributes in sync with the visual state. Avoid nested interactive elements.",Partially fixed — 1 of 3 occurrences still open per auditor,,
A11Y-042,Design System — component,Tabs,core/components/molecules/tabs,1,1,1,0,"Fixed:1, Open:1, Out of scope:1",Medium (inferred from Deque rule id),Tab widget is missing appropriate roles and/or attributes,custom-tabs,4.1.2,"Name, Role, Value",A,4.1 Compatible,4 Robust,Moderate,3,Moderate:3,"Innovaccer - Incare Web Audit MDS issues found, Innovaccer - User Admin and Help Guide Mobile (Tablet) Web Audit, Innovaccer - User Admin and Help Guide Web Audit","2349650, 2355398, 2356938","2349650
2355398
2356938: https://axeauditor.dequecloud.com/test-run/aa8a8272-ae0d-11f0-a2d2-5f492969aa5d/issue/ea07fafe-b6cf-11f0-96b3-ef36ee09f0a3","Mixed — some occurrences deep-linked, others test-run only","https://axeauditor.dequecloud.com/test-run/aa8a8272-ae0d-11f0-a2d2-5f492969aa5d
https://axeauditor.dequecloud.com/test-run/fb2d5e00-ae0a-11f0-8290-5faeec950510",Innovoccer - Case and Care Management Web Audit_10-21-25-05:06,New Task | Own User details page,"Expose correct name, role, value and state: use native semantics first, otherwise set the right `role` plus `aria-label`/`aria-labelledby`, and keep `aria-expanded`, `aria-selected`, `aria-sort`, `aria-checked` and required ARIA attributes in sync with the visual state. Avoid nested interactive elements.",Partially fixed — 1 of 3 occurrences still open per auditor,,
A11Y-043,Design System — component,Calendar,core/components/organisms/calendar,2,0,0,0,Open:2,High (matched DS markup in captured source),Function cannot be performed by keyboard alone,keyboard-inaccessible,2.1.1,Keyboard,A,2.1 Keyboard Accessible,2 Operable,Critical,2,Critical:2,"DS audit report, Innovaccer - Incare Web Audit MDS issues found","2342217, 2350978","2342217: https://axeauditor.dequecloud.com/test-run/aa8a8272-ae0d-11f0-a2d2-5f492969aa5d/issue/c6dbdeec-b08f-11f0-ac47-570aabcec047
2350978: https://axeauditor.dequecloud.com/test-run/45b36198-b498-11f0-a843-6f41ab87c814/issue/ddada976-b4ad-11f0-91d4-d78827825c18",Per-issue deep link,"https://axeauditor.dequecloud.com/test-run/45b36198-b498-11f0-a843-6f41ab87c814
https://axeauditor.dequecloud.com/test-run/aa8a8272-ae0d-11f0-a2d2-5f492969aa5d",Innovaccer - Design System Audit_10-29-25-12:53 | Innovoccer - Case and Care Management Web Audit_10-21-25-05:06,Calendar | Date Picker,"Make every interactive element operable by keyboard alone: use native `<button>`/`<a>`, or add `tabIndex={0}` plus Enter/Space handlers via the shared space-key utility; give scrollable regions a focusable container.",Open — remediation required (2 occurrences),,
A11Y-044,Design System — component,Icon,core/components/atoms/icon,2,0,0,0,Open:2,High (matched DS markup in captured source),Text alternative does not present same info as image / Images must have alternative text,"alt-text-different, image-alt",1.1.1,Non-text Content,A,1.1 Text Alternatives,1 Perceivable,Critical,2,"Critical:1, Serious:1","DS audit report, Innovaccer - Incare Web Audit MDS issues found","2350077, 2353861","2350077: https://axeauditor.dequecloud.com/test-run/aa8a8272-ae0d-11f0-a2d2-5f492969aa5d/issue/07e2d2f8-ffc8-4388-9df2-55c3af4609b8
2353861: https://axeauditor.dequecloud.com/test-run/45b36198-b498-11f0-a843-6f41ab87c814/issue/2bf4eb16-b577-11f0-8d84-6f8e2e5d3a42",Per-issue deep link,"https://axeauditor.dequecloud.com/test-run/45b36198-b498-11f0-a843-6f41ab87c814
https://axeauditor.dequecloud.com/test-run/aa8a8272-ae0d-11f0-a2d2-5f492969aa5d",Innovaccer - Design System Audit_10-29-25-12:53 | Innovoccer - Case and Care Management Web Audit_10-21-25-05:06,Chronic Care Management | Create password,"Give informative images/icons a text alternative that conveys the same information (Icon `name` is not an alt text — pass `aria-label`); mark purely decorative graphics `aria-hidden=""true""` with an empty accessible name.",Open — remediation required (2 occurrences),,
A11Y-045,Product / page level,N/A — product DOM order,,0,2,0,0,Fixed:2,N/A (not a DS defect),Reading order of static content changes meaning,reading-order-not-logical,1.3.2,Meaningful Sequence,A,1.3 Adaptable,1 Perceivable,Critical,2,Critical:2,Innovaccer - User Admin and Help Guide Web Audit,"2345602, 2346106","2345602
2346106",Test-run link only — source export omits per-issue auditor URLs; find by Issue ID in the run,https://axeauditor.dequecloud.com/test-run/fb2d5e00-ae0a-11f0-8290-5faeec950510,,Admin Overview | Base Role,"Make DOM order match visual reading order; inject dynamically revealed content (menus, popovers, inline messages) immediately after its trigger and keep hidden content out of the reading order with `hidden`/`display:none` rather than visual offsets.",Not a DS defect — product/page level,,
A11Y-046,Design System — component,Tooltip,core/components/molecules/tooltip,1,1,0,0,"Fixed:1, Open:1",High (declared in source report),Tooltip content is not accessible to screen readers,custom-tooltip,4.1.2,"Name, Role, Value",A,4.1 Compatible,4 Robust,Critical,2,Critical:2,Innovaccer - Incare Web Audit MDS issues found,"2347815, 2348868","2347815: https://axeauditor.dequecloud.com/test-run/aa8a8272-ae0d-11f0-a2d2-5f492969aa5d/issue/2c224d6e-b3c3-11f0-bf82-0b5a5534aa28
2348868: https://axeauditor.dequecloud.com/test-run/aa8a8272-ae0d-11f0-a2d2-5f492969aa5d/issue/a7adb244-b40d-11f0-aabc-133caf68f3cc",Per-issue deep link,https://axeauditor.dequecloud.com/test-run/aa8a8272-ae0d-11f0-a2d2-5f492969aa5d,Innovoccer - Case and Care Management Web Audit_10-21-25-05:06,Document | Encounters,"Expose correct name, role, value and state: use native semantics first, otherwise set the right `role` plus `aria-label`/`aria-labelledby`, and keep `aria-expanded`, `aria-selected`, `aria-sort`, `aria-checked` and required ARIA attributes in sync with the visual state. Avoid nested interactive elements.",Partially fixed — 1 of 2 occurrences still open per auditor,,
A11Y-047,Design System — component,Button,core/components/atoms/button,2,0,0,0,Open:2,High (declared in source report),Focus indicator lacks 3 to 1 contrast ratio,contrast-focus-indicator,1.4.11,Non-text Contrast,AA,1.4 Distinguishable,1 Perceivable,Serious,2,Serious:2,Innovaccer - Incare Web Audit MDS issues found,"2342557, 2347771","2342557: https://axeauditor.dequecloud.com/test-run/aa8a8272-ae0d-11f0-a2d2-5f492969aa5d/issue/a7bb71aa-b0a1-11f0-8674-5bcf842fad68
2347771: https://axeauditor.dequecloud.com/test-run/aa8a8272-ae0d-11f0-a2d2-5f492969aa5d/issue/7860a8b6-b3c2-11f0-b3d9-6708e3cad865",Per-issue deep link,https://axeauditor.dequecloud.com/test-run/aa8a8272-ae0d-11f0-a2d2-5f492969aa5d,Innovoccer - Case and Care Management Web Audit_10-21-25-05:06,Community Resources | Patient Consent,"Ensure non-text contrast ≥ 3:1 against adjacent colours for focus indicators, active/selected UI-component boundaries, and meaningful icons; use the focus-ring and border tokens rather than hard-coded colours.",Open — remediation required (2 occurrences),,
A11Y-048,Design System — component,Heading,core/components/atoms/heading,0,2,0,0,Fixed:2,Medium (inferred from Deque rule id),Text should not be marked as a heading,semantic-heading-misused,1.3.1,Info and Relationships,A,1.3 Adaptable,1 Perceivable,Serious,2,Serious:2,"Innovaccer - User Admin and Help Guide Mobile (Tablet) Web Audit, Innovaccer - User Admin and Help Guide Web Audit","2350993, 2354577","2350993
2354577",Test-run link only — source export omits per-issue auditor URLs; find by Issue ID in the run,https://axeauditor.dequecloud.com/test-run/fb2d5e00-ae0a-11f0-8290-5faeec950510,,Admin Overview | Base Role,"Convey structure semantically: real `<ul>/<ol>` with only `<li>` children, `<table>` with `<th scope>` header cells, heading levels in sequential order, and programmatically associated group labels (`<fieldset>/<legend>` or `role=""group""` + `aria-labelledby`).",Fixed — validated by auditor (2 closed); DS version not identifiable from CHANGELOG,,
A11Y-049,Design System — component,Icon,core/components/atoms/icon,2,0,0,0,Open:2,High (matched DS markup in captured source),Accessible name does not contain visible label,speech-accessible-name-mismatch,2.5.3,Label in Name,A,2.5 Input Modalities,2 Operable,Serious,2,Serious:2,DS audit report,"2350901, 2356802","2350901: https://axeauditor.dequecloud.com/test-run/45b36198-b498-11f0-a843-6f41ab87c814/issue/ffcc8ea6-b4a7-11f0-b4bd-dbb28b24a010
2356802: https://axeauditor.dequecloud.com/test-run/45b36198-b498-11f0-a843-6f41ab87c814/issue/9d14035a-b666-11f0-b4d4-8b70bfcdccb7",Per-issue deep link,https://axeauditor.dequecloud.com/test-run/45b36198-b498-11f0-a843-6f41ab87c814,Innovaccer - Design System Audit_10-29-25-12:53,Date Picker | Time Period Form,"Ensure the accessible name contains the visible label text, in the same order, so speech-input users can target the control by name.",Open — remediation required (2 occurrences),,
A11Y-050,Design System — component,Icon,core/components/atoms/icon,2,0,0,0,Open:2,High (declared in source report),An icon lacks 3 to 1 contrast ratio / Active user interface component lacks 3 to 1 contrast ratio,"contrast-graphical-objects-icon-3-1, contrast-uic-active-3-1",1.4.11,Non-text Contrast,AA,1.4 Distinguishable,1 Perceivable,Serious,2,Serious:2,Innovaccer - Incare Web Audit MDS issues found,"2345771, 2352215","2345771: https://axeauditor.dequecloud.com/test-run/aa8a8272-ae0d-11f0-a2d2-5f492969aa5d/issue/8c26cea0-b301-11f0-8fd2-6ffd75deb2c5
2352215: https://axeauditor.dequecloud.com/test-run/aa8a8272-ae0d-11f0-a2d2-5f492969aa5d/issue/4ee89e0c-b4e0-11f0-8f7e-ef0595daa015",Per-issue deep link,https://axeauditor.dequecloud.com/test-run/aa8a8272-ae0d-11f0-a2d2-5f492969aa5d,Innovoccer - Case and Care Management Web Audit_10-21-25-05:06,Clinical Data | Edit contact details and preferences' dialog,"Ensure non-text contrast ≥ 3:1 against adjacent colours for focus indicators, active/selected UI-component boundaries, and meaningful icons; use the focus-ring and border tokens rather than hard-coded colours.",Open — remediation required (2 occurrences),,
A11Y-051,Design System — component,Input,core/components/atoms/input,2,0,0,0,Open:2,High (declared in source report),Active user interface component lacks 3 to 1 contrast ratio,contrast-uic-active-3-1,1.4.11,Non-text Contrast,AA,1.4 Distinguishable,1 Perceivable,Serious,2,Serious:2,Innovaccer - Incare Web Audit MDS issues found,"2342547, 2371019","2342547: https://axeauditor.dequecloud.com/test-run/aa8a8272-ae0d-11f0-a2d2-5f492969aa5d/issue/360a0bb6-b0a1-11f0-9bb6-23e0b43838d2
2371019: https://axeauditor.dequecloud.com/test-run/9e878f64-b8a4-11f0-b13a-430b8706e058/issue/77b2999e-bebf-11f0-a397-abd48d9a902b",Per-issue deep link,"https://axeauditor.dequecloud.com/test-run/9e878f64-b8a4-11f0-b13a-430b8706e058
https://axeauditor.dequecloud.com/test-run/aa8a8272-ae0d-11f0-a2d2-5f492969aa5d",Innovaccer - Case and Care Management Web Mobile (Tablet) Audit_11-03-25-04:31 | Innovoccer - Case and Care Management Web Audit_10-21-25-05:06,Assessments | Patient Consent,"Ensure non-text contrast ≥ 3:1 against adjacent colours for focus indicators, active/selected UI-component boundaries, and meaningful icons; use the focus-ring and border tokens rather than hard-coded colours.",Open — remediation required (2 occurrences),,
A11Y-052,Design System — component,InputWrapper,core/components/atoms/input,2,0,0,0,Open:2,High (matched DS markup in captured source),Programmatic label does not convey purpose of control,label-programmatic-not-descriptive,2.4.6,Headings and Labels,AA,2.4 Navigable,2 Operable,Serious,2,Serious:2,DS audit report,"2354325, 2355000","2354325: https://axeauditor.dequecloud.com/test-run/45b36198-b498-11f0-a843-6f41ab87c814/issue/adfeca22-b587-11f0-8c33-af1a2315589e
2355000: https://axeauditor.dequecloud.com/test-run/45b36198-b498-11f0-a843-6f41ab87c814/issue/b42da1b8-b5f8-11f0-82a4-47a77570ef89",Per-issue deep link,https://axeauditor.dequecloud.com/test-run/45b36198-b498-11f0-a843-6f41ab87c814,Innovaccer - Design System Audit_10-29-25-12:53,Create User Form | Date Range Picker,"Give each control a unique, descriptive programmatic label that starts with its visible text; disambiguate repeated controls (e.g. multiple ""Edit"" buttons) with row/section context, and use meaningful `title`/heading text.",Open — remediation required (2 occurrences),,
A11Y-053,Design System — component,InputWrapper,core/components/atoms/input,2,0,0,0,Open:2,High (matched DS markup in captured source),Accessible name does not contain visible label,speech-accessible-name-mismatch,2.5.3,Label in Name,A,2.5 Input Modalities,2 Operable,Serious,2,Serious:2,DS audit report,"2354327, 2355001","2354327: https://axeauditor.dequecloud.com/test-run/45b36198-b498-11f0-a843-6f41ab87c814/issue/b62f4262-b587-11f0-9a17-d37ea9ed81db
2355001: https://axeauditor.dequecloud.com/test-run/45b36198-b498-11f0-a843-6f41ab87c814/issue/b42f3262-b5f8-11f0-879e-ab6f4625768e",Per-issue deep link,https://axeauditor.dequecloud.com/test-run/45b36198-b498-11f0-a843-6f41ab87c814,Innovaccer - Design System Audit_10-29-25-12:53,Create User Form | Date Range Picker,"Ensure the accessible name contains the visible label text, in the same order, so speech-input users can target the control by name.",Open — remediation required (2 occurrences),,
A11Y-054,Design System — component,Link,core/components/atoms/link,0,0,2,0,Out of scope:2,Medium (inferred from Deque rule id),Purpose of link is not clear in context,link-purpose-unclear,2.4.4,Link Purpose (In Context),A,2.4 Navigable,2 Operable,Serious,2,Serious:2,"Innovaccer - User Admin and Help Guide Mobile (Tablet) Web Audit, Innovaccer - User Admin and Help Guide Web Audit","2341914, 2355100","2341914
2355100",Test-run link only — source export omits per-issue auditor URLs; find by Issue ID in the run,https://axeauditor.dequecloud.com/test-run/fb2d5e00-ae0a-11f0-8290-5faeec950510,,,"Make link purpose clear from the link text alone, or supplement it with `aria-label` / visually hidden text.",Out of scope — 3rd-party / Help Center content,,
A11Y-055,Design System — component,Select,core/components/organisms/select,2,0,0,0,Open:2,Medium (inferred from Deque rule id),Select or dropdown control missing a visible label,label-is-missing-select,3.3.2,Labels or Instructions,A,3.3 Input Assistance,3 Understandable,Moderate,2,Moderate:2,"Innovaccer - User Admin and Help Guide Mobile (Tablet) Web Audit, Innovaccer - User Admin and Help Guide Web Audit","2354587, 2355308","2354587
2355308",Test-run link only — source export omits per-issue auditor URLs; find by Issue ID in the run,https://axeauditor.dequecloud.com/test-run/fb2d5e00-ae0a-11f0-8290-5faeec950510,,Admin Overview,Provide a persistent visible `<label>` associated with every input — placeholder text is not a label; add labels to native and custom selects.,Open — remediation required (2 occurrences),,
A11Y-056,Design System — component,Button,core/components/atoms/button,1,0,0,0,Open:1,High (matched DS markup in captured source),Function cannot be performed by keyboard alone,keyboard-inaccessible,2.1.1,Keyboard,A,2.1 Keyboard Accessible,2 Operable,Critical,1,Critical:1,DS audit report,2355007,2355007: https://axeauditor.dequecloud.com/test-run/45b36198-b498-11f0-a843-6f41ab87c814/issue/b438917c-b5f8-11f0-87a4-8fe2a1fb1b29,Per-issue deep link,https://axeauditor.dequecloud.com/test-run/45b36198-b498-11f0-a843-6f41ab87c814,Innovaccer - Design System Audit_10-29-25-12:53,Date Range Picker,"Make every interactive element operable by keyboard alone: use native `<button>`/`<a>`, or add `tabIndex={0}` plus Enter/Space handlers via the shared space-key utility; give scrollable regions a focusable container.",Open — remediation required (1 occurrences),,
A11Y-057,Design System — component,Card,core/components/atoms/card,1,0,0,0,Open:1,High (declared in source report),Informative (static) content is not readable by a screen reader,reading-order-content-skipped,1.3.2,Meaningful Sequence,A,1.3 Adaptable,1 Perceivable,Critical,1,Critical:1,Innovaccer - Incare Web Audit MDS issues found,2408293,2408293: https://axeauditor.dequecloud.com/test-run/aa8a8272-ae0d-11f0-a2d2-5f492969aa5d/issue/d6f22e42-d0df-11f0-8e8e-3f5ea5d9b7b2,Per-issue deep link,https://axeauditor.dequecloud.com/test-run/aa8a8272-ae0d-11f0-a2d2-5f492969aa5d,Innovoccer - Case and Care Management Web Audit_10-21-25-05:06,Patient Consent,"Make DOM order match visual reading order; inject dynamically revealed content (menus, popovers, inline messages) immediately after its trigger and keep hidden content out of the reading order with `hidden`/`display:none` rather than visual offsets.",Open — remediation required (1 occurrences),,
A11Y-058,Design System — component,Dropdown,core/components/atoms/dropdown,0,1,0,0,Fixed:1,High (declared in source report),Combobox is missing appropriate roles and/or attributes,custom-combobox,4.1.2,"Name, Role, Value",A,4.1 Compatible,4 Robust,Critical,1,Critical:1,Innovaccer - Incare Web Audit MDS issues found,2345285,2345285: https://axeauditor.dequecloud.com/test-run/aa8a8272-ae0d-11f0-a2d2-5f492969aa5d/issue/96abc6b4-b2ed-11f0-aa33-8795c35bb099,Per-issue deep link,https://axeauditor.dequecloud.com/test-run/aa8a8272-ae0d-11f0-a2d2-5f492969aa5d,Innovoccer - Case and Care Management Web Audit_10-21-25-05:06,Edit contact details and preferences' dialog,"Expose correct name, role, value and state: use native semantics first, otherwise set the right `role` plus `aria-label`/`aria-labelledby`, and keep `aria-expanded`, `aria-selected`, `aria-sort`, `aria-checked` and required ARIA attributes in sync with the visual state. Avoid nested interactive elements.",Fixed — validated by auditor (1 closed),4.26.0,Dropdown: hide decorative option icons from screen readers
A11Y-059,Design System — component,Grid,core/components/organisms/grid,0,1,0,0,Fixed:1,High (declared in source report),Content should be in a data table but is not,semantic-data-table,1.3.1,Info and Relationships,A,1.3 Adaptable,1 Perceivable,Critical,1,Critical:1,Innovaccer - Incare Web Audit MDS issues found,2346252,2346252: https://axeauditor.dequecloud.com/test-run/aa8a8272-ae0d-11f0-a2d2-5f492969aa5d/issue/251a1dd4-b31f-11f0-8877-ff473b26d2ef,Per-issue deep link,https://axeauditor.dequecloud.com/test-run/aa8a8272-ae0d-11f0-a2d2-5f492969aa5d,Innovoccer - Case and Care Management Web Audit_10-21-25-05:06,Profile,"Convey structure semantically: real `<ul>/<ol>` with only `<li>` children, `<table>` with `<th scope>` header cells, heading levels in sequential order, and programmatically associated group labels (`<fieldset>/<legend>` or `role=""group""` + `aria-labelledby`).",Fixed — validated by auditor (1 closed),4.26.0,Grid: accessible table cell/row structure
A11Y-060,Design System — component,Heading,core/components/atoms/heading,1,0,0,0,Open:1,High (matched DS markup in captured source),Function cannot be performed by keyboard alone,keyboard-inaccessible,2.1.1,Keyboard,A,2.1 Keyboard Accessible,2 Operable,Critical,1,Critical:1,DS audit report,2350975,2350975: https://axeauditor.dequecloud.com/test-run/45b36198-b498-11f0-a843-6f41ab87c814/issue/c5b9ce80-b4ad-11f0-91c8-f3e2bd3141f9,Per-issue deep link,https://axeauditor.dequecloud.com/test-run/45b36198-b498-11f0-a843-6f41ab87c814,Innovaccer - Design System Audit_10-29-25-12:53,Date Picker,"Make every interactive element operable by keyboard alone: use native `<button>`/`<a>`, or add `tabIndex={0}` plus Enter/Space handlers via the shared space-key utility; give scrollable regions a focusable container.",Open — remediation required (1 occurrences),,
A11Y-061,Design System — component,Icon,core/components/atoms/icon,0,1,0,0,Fixed:1,High (declared in source report),The element's role is missing or incorrect,aria-role-missing,4.1.2,"Name, Role, Value",A,4.1 Compatible,4 Robust,Critical,1,Critical:1,Innovaccer - Incare Web Audit MDS issues found,2424741,2424741: https://axeauditor.dequecloud.com/test-run/aa8a8272-ae0d-11f0-a2d2-5f492969aa5d/issue/3d24b18c-d903-11f0-a3d8-e71e91a834d8,Per-issue deep link,https://axeauditor.dequecloud.com/test-run/aa8a8272-ae0d-11f0-a2d2-5f492969aa5d,Innovoccer - Case and Care Management Web Audit_10-21-25-05:06,My Case details page,"Expose correct name, role, value and state: use native semantics first, otherwise set the right `role` plus `aria-label`/`aria-labelledby`, and keep `aria-expanded`, `aria-selected`, `aria-sort`, `aria-checked` and required ARIA attributes in sync with the visual state. Avoid nested interactive elements.",Fixed — validated by auditor (1 closed),4.26.0,Icon: announce aria-label instead of icon name (role=img)
A11Y-062,Design System — component,Icon,core/components/atoms/icon,0,1,0,0,Fixed:1,High (declared in source report),Function cannot be performed by keyboard alone,keyboard-inaccessible,2.1.1,Keyboard,A,2.1 Keyboard Accessible,2 Operable,Critical,1,Critical:1,Innovaccer - Incare Web Audit MDS issues found,2356945,2356945: https://axeauditor.dequecloud.com/test-run/aa8a8272-ae0d-11f0-a2d2-5f492969aa5d/issue/409c83a2-b6d1-11f0-b3f9-a747c3e26e90,Per-issue deep link,https://axeauditor.dequecloud.com/test-run/aa8a8272-ae0d-11f0-a2d2-5f492969aa5d,Innovoccer - Case and Care Management Web Audit_10-21-25-05:06,New Task,"Make every interactive element operable by keyboard alone: use native `<button>`/`<a>`, or add `tabIndex={0}` plus Enter/Space handlers via the shared space-key utility; give scrollable regions a focusable container.",Fixed — validated by auditor (1 closed); DS version not identifiable from CHANGELOG,,
A11Y-063,Design System — component,Input,core/components/atoms/input,0,1,0,0,Fixed:1,Medium (inferred from Deque rule id),Form field is missing an accessible name,form-label-missing,1.3.1,Info and Relationships,A,1.3 Adaptable,1 Perceivable,Critical,1,Critical:1,Innovaccer - User Admin and Help Guide Web Audit,2349648,2349648,Test-run link only — source export omits per-issue auditor URLs; find by Issue ID in the run,https://axeauditor.dequecloud.com/test-run/fb2d5e00-ae0a-11f0-8290-5faeec950510,,Own User details page,"Convey structure semantically: real `<ul>/<ol>` with only `<li>` children, `<table>` with `<th scope>` header cells, heading levels in sequential order, and programmatically associated group labels (`<fieldset>/<legend>` or `role=""group""` + `aria-labelledby`).",Fixed — validated by auditor (1 closed); DS version not identifiable from CHANGELOG,,
A11Y-064,Design System — component,Listbox,core/components/organisms/listbox,1,0,0,0,Open:1,High (matched DS markup in captured source),Custom select does not have a role and/or state,select-missing-role-state,4.1.2,"Name, Role, Value",A,4.1 Compatible,4 Robust,Critical,1,Critical:1,DS audit report,2354809,2354809: https://axeauditor.dequecloud.com/test-run/45b36198-b498-11f0-a843-6f41ab87c814/issue/382a9f0e-b5b6-11f0-ab4d-a772ced5f2b5,Per-issue deep link,https://axeauditor.dequecloud.com/test-run/45b36198-b498-11f0-a843-6f41ab87c814,Innovaccer - Design System Audit_10-29-25-12:53,Create User Form,"Expose correct name, role, value and state: use native semantics first, otherwise set the right `role` plus `aria-label`/`aria-labelledby`, and keep `aria-expanded`, `aria-selected`, `aria-sort`, `aria-checked` and required ARIA attributes in sync with the visual state. Avoid nested interactive elements.",Open — remediation required (1 occurrences),,
A11Y-065,Design System — component,Menu,core/components/organisms/menu,1,0,0,0,Open:1,High (declared in source report),Elements must only use supported ARIA attributes,aria-allowed-attr,4.1.2,"Name, Role, Value",A,4.1 Compatible,4 Robust,Critical,1,Critical:1,Innovaccer - Incare Web Audit MDS issues found,2355735,2355735: https://axeauditor.dequecloud.com/test-run/aa8a8272-ae0d-11f0-a2d2-5f492969aa5d/issue/7bef1cd7-c553-4b4a-8b1c-073dfa77b65b,Per-issue deep link,https://axeauditor.dequecloud.com/test-run/aa8a8272-ae0d-11f0-a2d2-5f492969aa5d,Innovoccer - Case and Care Management Web Audit_10-21-25-05:06,High Risk Maternity,"Expose correct name, role, value and state: use native semantics first, otherwise set the right `role` plus `aria-label`/`aria-labelledby`, and keep `aria-expanded`, `aria-selected`, `aria-sort`, `aria-checked` and required ARIA attributes in sync with the visual state. Avoid nested interactive elements.",Open — remediation required (1 occurrences),,
A11Y-066,Product / page level,N/A — 3rd-party media player,,0,0,1,0,Out of scope:1,N/A (not a DS defect),Multimedia player cannot play audio description track,s508-video-player-no-ad-track,1.2.5,Audio Description (Prerecorded),AA,1.2 Time-based Media,1 Perceivable,Critical,1,Critical:1,Innovaccer - User Admin and Help Guide Web Audit,2341104,2341104,Test-run link only — source export omits per-issue auditor URLs; find by Issue ID in the run,https://axeauditor.dequecloud.com/test-run/fb2d5e00-ae0a-11f0-8290-5faeec950510,,,Provide an audio-description track for pre-recorded video content.,Not a DS defect — product/page level,,
A11Y-067,Product / page level,N/A — 3rd-party media player,,0,0,1,0,Out of scope:1,N/A (not a DS defect),Multimedia player cannot display closed captions,s508-video-player-no-captions,1.2.2,Captions (Prerecorded),A,1.2 Time-based Media,1 Perceivable,Critical,1,Critical:1,Innovaccer - User Admin and Help Guide Web Audit,2341109,2341109,Test-run link only — source export omits per-issue auditor URLs; find by Issue ID in the run,https://axeauditor.dequecloud.com/test-run/fb2d5e00-ae0a-11f0-8290-5faeec950510,,,Provide synchronised captions for pre-recorded video/audio content in the media player.,Not a DS defect — product/page level,,
A11Y-068,Product / page level,N/A — product aria-hidden usage,,1,0,0,0,Open:1,N/A (not a DS defect),"aria-hidden=""true"" is used incorrectly",semantic-hidden,1.3.1,Info and Relationships,A,1.3 Adaptable,1 Perceivable,Critical,1,Critical:1,Innovaccer - User Admin and Help Guide Web Audit,2350574,2350574,Test-run link only — source export omits per-issue auditor URLs; find by Issue ID in the run,https://axeauditor.dequecloud.com/test-run/fb2d5e00-ae0a-11f0-8290-5faeec950510,,Level of Access - Date Access tab,"Convey structure semantically: real `<ul>/<ol>` with only `<li>` children, `<table>` with `<th scope>` header cells, heading levels in sequential order, and programmatically associated group labels (`<fieldset>/<legend>` or `role=""group""` + `aria-labelledby`).",Not a DS defect — product/page level,,
A11Y-069,Design System — component,RichTextEditor,core/components/atoms/editable,1,0,0,0,Open:1,High (declared in source report),Elements must only use supported ARIA attributes,aria-allowed-attr,4.1.2,"Name, Role, Value",A,4.1 Compatible,4 Robust,Critical,1,Critical:1,Innovaccer - Incare Web Audit MDS issues found,2350060,2350060: https://axeauditor.dequecloud.com/test-run/aa8a8272-ae0d-11f0-a2d2-5f492969aa5d/issue/02fd2b1d-9a32-4c6b-989d-e5365428ee23,Per-issue deep link,https://axeauditor.dequecloud.com/test-run/aa8a8272-ae0d-11f0-a2d2-5f492969aa5d,Innovoccer - Case and Care Management Web Audit_10-21-25-05:06,Chronic Care Management,"Expose correct name, role, value and state: use native semantics first, otherwise set the right `role` plus `aria-label`/`aria-labelledby`, and keep `aria-expanded`, `aria-selected`, `aria-sort`, `aria-checked` and required ARIA attributes in sync with the visual state. Avoid nested interactive elements.",Open — remediation required (1 occurrences),,
A11Y-070,Design System — component,RichTextEditor,core/components/atoms/editable,1,0,0,0,Open:1,High (declared in source report),Tooltip content is not accessible to screen readers,custom-tooltip,4.1.2,"Name, Role, Value",A,4.1 Compatible,4 Robust,Critical,1,Critical:1,Innovaccer - Incare Web Audit MDS issues found,2412008,2412008: https://axeauditor.dequecloud.com/test-run/aa8a8272-ae0d-11f0-a2d2-5f492969aa5d/issue/81829864-d37a-11f0-afab-d7abdf0aa372,Per-issue deep link,https://axeauditor.dequecloud.com/test-run/aa8a8272-ae0d-11f0-a2d2-5f492969aa5d,Innovoccer - Case and Care Management Web Audit_10-21-25-05:06,New Task,"Expose correct name, role, value and state: use native semantics first, otherwise set the right `role` plus `aria-label`/`aria-labelledby`, and keep `aria-expanded`, `aria-selected`, `aria-sort`, `aria-checked` and required ARIA attributes in sync with the visual state. Avoid nested interactive elements.",Open — remediation required (1 occurrences),,
A11Y-071,Design System — component,RichTextEditor,core/components/atoms/editable,1,0,0,0,Open:1,High (declared in source report),Button does not have a name,button-name-inaccessible,4.1.2,"Name, Role, Value",A,4.1 Compatible,4 Robust,Critical,1,Critical:1,Innovaccer - Incare Web Audit MDS issues found,2412017,2412017: https://axeauditor.dequecloud.com/test-run/aa8a8272-ae0d-11f0-a2d2-5f492969aa5d/issue/81874318-d37b-11f0-ad51-27378986c28c,Per-issue deep link,https://axeauditor.dequecloud.com/test-run/aa8a8272-ae0d-11f0-a2d2-5f492969aa5d,Innovoccer - Case and Care Management Web Audit_10-21-25-05:06,New Task,"Expose correct name, role, value and state: use native semantics first, otherwise set the right `role` plus `aria-label`/`aria-labelledby`, and keep `aria-expanded`, `aria-selected`, `aria-sort`, `aria-checked` and required ARIA attributes in sync with the visual state. Avoid nested interactive elements.",Open — remediation required (1 occurrences),,
A11Y-072,Design System — component,RichTextEditor,core/components/atoms/editable,1,0,0,0,Open:1,High (declared in source report),Custom radio button does not have a role and/or state,radio-missing-role-state,4.1.2,"Name, Role, Value",A,4.1 Compatible,4 Robust,Critical,1,Critical:1,Innovaccer - Incare Web Audit MDS issues found,2412018,2412018: https://axeauditor.dequecloud.com/test-run/aa8a8272-ae0d-11f0-a2d2-5f492969aa5d/issue/8630d726-d37b-11f0-83d6-f7d38f3af2d4,Per-issue deep link,https://axeauditor.dequecloud.com/test-run/aa8a8272-ae0d-11f0-a2d2-5f492969aa5d,Innovoccer - Case and Care Management Web Audit_10-21-25-05:06,New Task,"Expose correct name, role, value and state: use native semantics first, otherwise set the right `role` plus `aria-label`/`aria-labelledby`, and keep `aria-expanded`, `aria-selected`, `aria-sort`, `aria-checked` and required ARIA attributes in sync with the visual state. Avoid nested interactive elements.",Open — remediation required (1 occurrences),,
A11Y-073,Design System — component,RichTextEditor,core/components/atoms/editable,1,0,0,0,Open:1,High (declared in source report),Focus indicator is missing,focus-indicator-missing,2.4.7,Focus Visible,AA,2.4 Navigable,2 Operable,Critical,1,Critical:1,Innovaccer - Incare Web Audit MDS issues found,2350857,2350857: https://axeauditor.dequecloud.com/test-run/aa8a8272-ae0d-11f0-a2d2-5f492969aa5d/issue/e7a13c7a-b4a5-11f0-9868-d793d239d30a,Per-issue deep link,https://axeauditor.dequecloud.com/test-run/aa8a8272-ae0d-11f0-a2d2-5f492969aa5d,Innovoccer - Case and Care Management Web Audit_10-21-25-05:06,Chronic Care Management,Provide a visible `:focus-visible` indicator on every focusable element — never `outline: none` without a token-based replacement ring.,Open — remediation required (1 occurrences),,
A11Y-074,Design System — component,Select,core/components/organisms/select,1,0,0,0,Open:1,High (declared in source report),Elements must only use supported ARIA attributes,aria-allowed-attr,4.1.2,"Name, Role, Value",A,4.1 Compatible,4 Robust,Critical,1,Critical:1,Innovaccer - Incare Web Audit MDS issues found,2352496,2352496: https://axeauditor.dequecloud.com/test-run/aa8a8272-ae0d-11f0-a2d2-5f492969aa5d/issue/495cfd56-e4c7-4b59-abf0-a3031c7c0369,Per-issue deep link,https://axeauditor.dequecloud.com/test-run/aa8a8272-ae0d-11f0-a2d2-5f492969aa5d,Innovoccer - Case and Care Management Web Audit_10-21-25-05:06,My Case details page,"Expose correct name, role, value and state: use native semantics first, otherwise set the right `role` plus `aria-label`/`aria-labelledby`, and keep `aria-expanded`, `aria-selected`, `aria-sort`, `aria-checked` and required ARIA attributes in sync with the visual state. Avoid nested interactive elements.",Open — remediation required (1 occurrences),,
A11Y-075,Design System — component,Select,core/components/organisms/select,0,1,0,0,Fixed:1,High (declared in source report),Combobox is missing appropriate roles and/or attributes,custom-combobox,4.1.2,"Name, Role, Value",A,4.1 Compatible,4 Robust,Critical,1,Critical:1,Innovaccer - Incare Web Audit MDS issues found,2356990,2356990: https://axeauditor.dequecloud.com/test-run/aa8a8272-ae0d-11f0-a2d2-5f492969aa5d/issue/b83bf4bc-b79c-11f0-84d3-071c3f9c7fc8,Per-issue deep link,https://axeauditor.dequecloud.com/test-run/aa8a8272-ae0d-11f0-a2d2-5f492969aa5d,Innovoccer - Case and Care Management Web Audit_10-21-25-05:06,High Risk Maternity,"Expose correct name, role, value and state: use native semantics first, otherwise set the right `role` plus `aria-label`/`aria-labelledby`, and keep `aria-expanded`, `aria-selected`, `aria-sort`, `aria-checked` and required ARIA attributes in sync with the visual state. Avoid nested interactive elements.",Fixed — validated by auditor (1 closed),4.26.0,Select: announce option text and hide decorative trigger icons
A11Y-076,Design System — component,Select,core/components/organisms/select,0,1,0,0,Fixed:1,Medium (inferred from Deque rule id),Custom select does not have a role and/or state,select-missing-role-state,4.1.2,"Name, Role, Value",A,4.1 Compatible,4 Robust,Critical,1,Critical:1,Innovaccer - User Admin and Help Guide Mobile (Tablet) Web Audit,2354593,2354593,None — source export has no auditor URL; look up by Issue ID in axe Auditor,,,Admin Overview,"Expose correct name, role, value and state: use native semantics first, otherwise set the right `role` plus `aria-label`/`aria-labelledby`, and keep `aria-expanded`, `aria-selected`, `aria-sort`, `aria-checked` and required ARIA attributes in sync with the visual state. Avoid nested interactive elements.",Fixed — validated by auditor (1 closed),4.26.0,Select: announce option text and hide decorative trigger icons
A11Y-077,Design System — component,StatusHint,core/components/atoms/statusHint,0,1,0,0,Fixed:1,High (declared in source report),Text alternative for the informative image is missing,alt-text-missing,1.1.1,Non-text Content,A,1.1 Text Alternatives,1 Perceivable,Critical,1,Critical:1,Innovaccer - Incare Web Audit MDS issues found,2345275,2345275: https://axeauditor.dequecloud.com/test-run/aa8a8272-ae0d-11f0-a2d2-5f492969aa5d/issue/616a5124-b2ec-11f0-9319-637f60677c9e,Per-issue deep link,https://axeauditor.dequecloud.com/test-run/aa8a8272-ae0d-11f0-a2d2-5f492969aa5d,Innovoccer - Case and Care Management Web Audit_10-21-25-05:06,Patients,"Give informative images/icons a text alternative that conveys the same information (Icon `name` is not an alt text — pass `aria-label`); mark purely decorative graphics `aria-hidden=""true""` with an empty accessible name.",Fixed — validated by auditor (1 closed),4.23.0,"StatusHint: add aria-label to status icon, hide skeletons from AT"
A11Y-078,Design System — component,Text,core/components/atoms/text,1,0,0,0,Open:1,High (declared in source report),Function cannot be performed by keyboard alone,keyboard-inaccessible,2.1.1,Keyboard,A,2.1 Keyboard Accessible,2 Operable,Critical,1,Critical:1,Innovaccer - Incare Web Audit MDS issues found,2350757,2350757: https://axeauditor.dequecloud.com/test-run/aa8a8272-ae0d-11f0-a2d2-5f492969aa5d/issue/5f97a516-b49c-11f0-bf31-6b1bb6b9db09,Per-issue deep link,https://axeauditor.dequecloud.com/test-run/aa8a8272-ae0d-11f0-a2d2-5f492969aa5d,Innovoccer - Case and Care Management Web Audit_10-21-25-05:06,Chronic Care Management,"Make every interactive element operable by keyboard alone: use native `<button>`/`<a>`, or add `tabIndex={0}` plus Enter/Space handlers via the shared space-key utility; give scrollable regions a focusable container.",Open — remediation required (1 occurrences),,
A11Y-079,Design System — component,Tooltip,core/components/molecules/tooltip,1,0,0,0,Open:1,High (declared in source report),Function cannot be performed by keyboard alone,keyboard-inaccessible,2.1.1,Keyboard,A,2.1 Keyboard Accessible,2 Operable,Critical,1,Critical:1,Innovaccer - Incare Web Audit MDS issues found,2422867,2422867: https://axeauditor.dequecloud.com/test-run/aa8a8272-ae0d-11f0-a2d2-5f492969aa5d/issue/01e11f6a-d71f-11f0-9583-e3e074261ec7,Per-issue deep link,https://axeauditor.dequecloud.com/test-run/aa8a8272-ae0d-11f0-a2d2-5f492969aa5d,Innovoccer - Case and Care Management Web Audit_10-21-25-05:06,Due - Week view,"Make every interactive element operable by keyboard alone: use native `<button>`/`<a>`, or add `tabIndex={0}` plus Enter/Space handlers via the shared space-key utility; give scrollable regions a focusable container.",Open — remediation required (1 occurrences),,
A11Y-080,Design System — component,Accordion,,0,1,0,0,Fixed:1,High (declared in source report),Expand/collapse state of the element is missing or incorrect,state-aria-expanded-missing-incorrect,4.1.2,"Name, Role, Value",A,4.1 Compatible,4 Robust,Serious,1,Serious:1,Innovaccer - Incare Web Audit MDS issues found,2422255,2422255: https://axeauditor.dequecloud.com/test-run/aa8a8272-ae0d-11f0-a2d2-5f492969aa5d/issue/14991af8-d702-11f0-9c2c-fff5adcb201e,Per-issue deep link,https://axeauditor.dequecloud.com/test-run/aa8a8272-ae0d-11f0-a2d2-5f492969aa5d,Innovoccer - Case and Care Management Web Audit_10-21-25-05:06,Clinical Data,"Expose correct name, role, value and state: use native semantics first, otherwise set the right `role` plus `aria-label`/`aria-labelledby`, and keep `aria-expanded`, `aria-selected`, `aria-sort`, `aria-checked` and required ARIA attributes in sync with the visual state. Avoid nested interactive elements.",Fixed — validated by auditor (1 closed); DS version not identifiable from CHANGELOG,,
A11Y-081,Design System — component,Avatar,core/components/atoms/avatar,0,1,0,0,Fixed:1,High (declared in source report),Button does not have a role,button-missing-role,4.1.2,"Name, Role, Value",A,4.1 Compatible,4 Robust,Serious,1,Serious:1,Innovaccer - Incare Web Audit MDS issues found,2407822,2407822: https://axeauditor.dequecloud.com/test-run/aa8a8272-ae0d-11f0-a2d2-5f492969aa5d/issue/4d385d5a-d073-11f0-8729-97ba9791f842,Per-issue deep link,https://axeauditor.dequecloud.com/test-run/aa8a8272-ae0d-11f0-a2d2-5f492969aa5d,Innovoccer - Case and Care Management Web Audit_10-21-25-05:06,My Case details page,"Expose correct name, role, value and state: use native semantics first, otherwise set the right `role` plus `aria-label`/`aria-labelledby`, and keep `aria-expanded`, `aria-selected`, `aria-sort`, `aria-checked` and required ARIA attributes in sync with the visual state. Avoid nested interactive elements.",Fixed — validated by auditor (1 closed); DS version not identifiable from CHANGELOG,,
A11Y-082,Design System — component,Badge,core/components/atoms/badge,0,1,0,0,Fixed:1,High (declared in source report),Text spacing content cut off,text-spacing-cut-off,1.4.12,Text Spacing,AA,1.4 Distinguishable,1 Perceivable,Serious,1,Serious:1,Innovaccer - Incare Web Audit MDS issues found,2350922,2350922: https://axeauditor.dequecloud.com/test-run/aa8a8272-ae0d-11f0-a2d2-5f492969aa5d/issue/85699a54-b4a8-11f0-9bbe-b3afee0ae6cc,Per-issue deep link,https://axeauditor.dequecloud.com/test-run/aa8a8272-ae0d-11f0-a2d2-5f492969aa5d,Innovoccer - Case and Care Management Web Audit_10-21-25-05:06,Chronic Care Management,"Ensure no content is clipped when users override text spacing (line-height 1.5, letter-spacing 0.12em, word-spacing 0.16em, paragraph spacing 2em) — avoid fixed heights and `overflow: hidden` on text containers.",Fixed — validated by auditor (1 closed); DS version not identifiable from CHANGELOG,,
A11Y-083,Design System — component,Button,core/components/atoms/button,0,1,0,0,Fixed:1,High (declared in source report),Button pressed state is not conveyed,button-state-pressed,4.1.2,"Name, Role, Value",A,4.1 Compatible,4 Robust,Serious,1,Serious:1,Innovaccer - Incare Web Audit MDS issues found,2348051,2348051: https://axeauditor.dequecloud.com/test-run/aa8a8272-ae0d-11f0-a2d2-5f492969aa5d/issue/db91172e-b3ca-11f0-81e3-b792cdcb44b8,Per-issue deep link,https://axeauditor.dequecloud.com/test-run/aa8a8272-ae0d-11f0-a2d2-5f492969aa5d,Innovoccer - Case and Care Management Web Audit_10-21-25-05:06,Document,"Expose correct name, role, value and state: use native semantics first, otherwise set the right `role` plus `aria-label`/`aria-labelledby`, and keep `aria-expanded`, `aria-selected`, `aria-sort`, `aria-checked` and required ARIA attributes in sync with the visual state. Avoid nested interactive elements.",Fixed — validated by auditor (1 closed); DS version not identifiable from CHANGELOG,,
A11Y-084,Design System — component,Button,core/components/atoms/button,1,0,0,0,Open:1,High (declared in source report),Programmatic label does not convey purpose of control,label-programmatic-not-descriptive,2.4.6,Headings and Labels,AA,2.4 Navigable,2 Operable,Serious,1,Serious:1,Innovaccer - Incare Web Audit MDS issues found,2374467,2374467: https://axeauditor.dequecloud.com/test-run/9e878f64-b8a4-11f0-b13a-430b8706e058/issue/f72f3a88-c063-11f0-970b-171baf05e36b,Per-issue deep link,https://axeauditor.dequecloud.com/test-run/9e878f64-b8a4-11f0-b13a-430b8706e058,Innovaccer - Case and Care Management Web Mobile (Tablet) Audit_11-03-25-04:31,Task,"Give each control a unique, descriptive programmatic label that starts with its visible text; disambiguate repeated controls (e.g. multiple ""Edit"" buttons) with row/section context, and use meaningful `title`/heading text.",Open — remediation required (1 occurrences),,
A11Y-085,Design System — component,Calendar,core/components/organisms/calendar,0,1,0,0,Fixed:1,High (declared in source report),The disabled state of an element is not conveyed,button-state-disabled,4.1.2,"Name, Role, Value",A,4.1 Compatible,4 Robust,Serious,1,Serious:1,Innovaccer - Incare Web Audit MDS issues found,2414011,2414011: https://axeauditor.dequecloud.com/test-run/aa8a8272-ae0d-11f0-a2d2-5f492969aa5d/issue/4d282a4a-d440-11f0-ad6d-678d7749bb39,Per-issue deep link,https://axeauditor.dequecloud.com/test-run/aa8a8272-ae0d-11f0-a2d2-5f492969aa5d,Innovoccer - Case and Care Management Web Audit_10-21-25-05:06,New Task,"Expose correct name, role, value and state: use native semantics first, otherwise set the right `role` plus `aria-label`/`aria-labelledby`, and keep `aria-expanded`, `aria-selected`, `aria-sort`, `aria-checked` and required ARIA attributes in sync with the visual state. Avoid nested interactive elements.",Fixed — validated by auditor (1 closed),4.24.0,calendar: add tooltip and aria-label for prev/next navigation button
A11Y-086,Design System — component,Calendar,core/components/organisms/calendar,1,0,0,0,Open:1,High (declared in source report),State of active component lacks 3 to 1 contrast ratio,contrast-uic-active-3-1-state,1.4.11,Non-text Contrast,AA,1.4 Distinguishable,1 Perceivable,Serious,1,Serious:1,Innovaccer - Incare Web Audit MDS issues found,2342218,2342218: https://axeauditor.dequecloud.com/test-run/aa8a8272-ae0d-11f0-a2d2-5f492969aa5d/issue/e6a85ec6-b08f-11f0-ad84-db2b291369d2,Per-issue deep link,https://axeauditor.dequecloud.com/test-run/aa8a8272-ae0d-11f0-a2d2-5f492969aa5d,Innovoccer - Case and Care Management Web Audit_10-21-25-05:06,Calendar,"Ensure non-text contrast ≥ 3:1 against adjacent colours for focus indicators, active/selected UI-component boundaries, and meaningful icons; use the focus-ring and border tokens rather than hard-coded colours.",Open — remediation required (1 occurrences),,
A11Y-087,Design System — component,Calendar,core/components/organisms/calendar,1,0,0,0,Open:1,High (declared in source report),Content is lost at 200% zoom,resize-text-content-lost,1.4.4,Resize text,AA,1.4 Distinguishable,1 Perceivable,Serious,1,Serious:1,Innovaccer - Incare Web Audit MDS issues found,2342288,2342288: https://axeauditor.dequecloud.com/test-run/aa8a8272-ae0d-11f0-a2d2-5f492969aa5d/issue/2a4d8dba-b093-11f0-bf1a-0b5dfd65e41c,Per-issue deep link,https://axeauditor.dequecloud.com/test-run/aa8a8272-ae0d-11f0-a2d2-5f492969aa5d,Innovoccer - Case and Care Management Web Audit_10-21-25-05:06,Calendar,Keep all content and function available at 200% text zoom — use relative units (`rem`) and avoid fixed heights that clip or hide controls.,Open — remediation required (1 occurrences),,
A11Y-088,Product / page level,Calendar,core/components/organisms/calendar,1,0,0,0,Open:1,High (declared in source report),Info or functionality is unavailable at 320px width equivalent,content-reflow-content-missing,1.4.10,Reflow,AA,1.4 Distinguishable,1 Perceivable,Serious,1,Serious:1,Innovaccer - Incare Web Audit MDS issues found,2342289,2342289: https://axeauditor.dequecloud.com/test-run/aa8a8272-ae0d-11f0-a2d2-5f492969aa5d/issue/3da1ef14-b093-11f0-9e9d-b7b09018bc57,Per-issue deep link,https://axeauditor.dequecloud.com/test-run/aa8a8272-ae0d-11f0-a2d2-5f492969aa5d,Innovoccer - Case and Care Management Web Audit_10-21-25-05:06,Calendar,"Support reflow at 320 CSS px with no two-dimensional scrolling — no fixed pixel widths, allow wrapping, and keep all content reachable.",Not a DS defect — product/page level,,
A11Y-089,Design System — component,Chip,core/components/atoms/chip,1,0,0,0,Open:1,High (declared in source report),Selected state of the element is missing or incorrect,state-selected-missing-incorrect,4.1.2,"Name, Role, Value",A,4.1 Compatible,4 Robust,Serious,1,Serious:1,Innovaccer - Incare Web Audit MDS issues found,2342682,2342682: https://axeauditor.dequecloud.com/test-run/aa8a8272-ae0d-11f0-a2d2-5f492969aa5d/issue/36d85e5e-b0aa-11f0-be00-dff4403ee0a0,Per-issue deep link,https://axeauditor.dequecloud.com/test-run/aa8a8272-ae0d-11f0-a2d2-5f492969aa5d,Innovoccer - Case and Care Management Web Audit_10-21-25-05:06,Patients,"Expose correct name, role, value and state: use native semantics first, otherwise set the right `role` plus `aria-label`/`aria-labelledby`, and keep `aria-expanded`, `aria-selected`, `aria-sort`, `aria-checked` and required ARIA attributes in sync with the visual state. Avoid nested interactive elements.",Open — remediation required (1 occurrences),,
A11Y-090,Design System — component,Chip / Grid (nested interactive),"core/components/atoms/chip, core/components/organisms/grid",1,0,0,0,Open:1,Medium (inferred from Deque rule id),Interactive controls must not be nested,nested-interactive,4.1.2,"Name, Role, Value",A,4.1 Compatible,4 Robust,Serious,1,Serious:1,Innovaccer - User Admin and Help Guide Web Audit,2340910,2340910,Test-run link only — source export omits per-issue auditor URLs; find by Issue ID in the run,https://axeauditor.dequecloud.com/test-run/fb2d5e00-ae0a-11f0-8290-5faeec950510,,Help - DAP - Overview,"Expose correct name, role, value and state: use native semantics first, otherwise set the right `role` plus `aria-label`/`aria-labelledby`, and keep `aria-expanded`, `aria-selected`, `aria-sort`, `aria-checked` and required ARIA attributes in sync with the visual state. Avoid nested interactive elements.",Open — remediation required (1 occurrences),,
A11Y-091,Product / page level,Collapsible,core/components/atoms/collapsible,1,0,0,0,Open:1,High (declared in source report),Info or functionality is unavailable at 320px width equivalent,content-reflow-content-missing,1.4.10,Reflow,AA,1.4 Distinguishable,1 Perceivable,Serious,1,Serious:1,Innovaccer - Incare Web Audit MDS issues found,2344882,2344882: https://axeauditor.dequecloud.com/test-run/aa8a8272-ae0d-11f0-a2d2-5f492969aa5d/issue/81e0766e-b278-11f0-8443-233265063c60,Per-issue deep link,https://axeauditor.dequecloud.com/test-run/aa8a8272-ae0d-11f0-a2d2-5f492969aa5d,Innovoccer - Case and Care Management Web Audit_10-21-25-05:06,Care Management Overview,"Support reflow at 320 CSS px with no two-dimensional scrolling — no fixed pixel widths, allow wrapping, and keep all content reachable.",Not a DS defect — product/page level,,
A11Y-092,Design System — component,Drag-and-drop patterns,,0,1,0,0,Fixed:1,Medium (inferred from Deque rule id),Functionality requires a dragging movement with no alternative,dragging-no-alternative,2.5.7,Dragging Movements,AA,2.5 Input Modalities,2 Operable,Serious,1,Serious:1,Innovaccer - User Admin and Help Guide Mobile (Tablet) Web Audit,2355630,2355630,None — source export has no auditor URL; look up by Issue ID in axe Auditor,,,,"Provide a single-pointer (click/tap or keyboard) alternative to every drag-and-drop interaction, e.g. move up/down buttons or a menu action.",Fixed — validated by auditor (1 closed); DS version not identifiable from CHANGELOG,,
A11Y-093,Design System — component,Dropdown,core/components/atoms/dropdown,1,0,0,0,Open:1,High (declared in source report),Elements must meet minimum color contrast ratio thresholds,color-contrast,1.4.3,Contrast (Minimum),AA,1.4 Distinguishable,1 Perceivable,Serious,1,Serious:1,Innovaccer - Incare Web Audit MDS issues found,2352499,2352499: https://axeauditor.dequecloud.com/test-run/aa8a8272-ae0d-11f0-a2d2-5f492969aa5d/issue/837eebfb-29ac-4ada-9518-d87bb5017bcf,Per-issue deep link,https://axeauditor.dequecloud.com/test-run/aa8a8272-ae0d-11f0-a2d2-5f492969aa5d,Innovoccer - Case and Care Management Web Audit_10-21-25-05:06,My Case details page,Raise text contrast to at least 4.5:1 (3:1 for large text) using approved contrast-safe design tokens from `css/src/variables/index.css`; applies to placeholder and in-focus/hover link text too.,Open — remediation required (1 occurrences),,
A11Y-094,Design System — component,Dropdown,core/components/atoms/dropdown,1,0,0,0,Open:1,High (declared in source report),Status message not automatically announced,status-msg-not-auto-announced,4.1.3,Status Messages,AA,4.1 Compatible,4 Robust,Serious,1,Serious:1,Innovaccer - Incare Web Audit MDS issues found,2356036,2356036: https://axeauditor.dequecloud.com/test-run/aa8a8272-ae0d-11f0-a2d2-5f492969aa5d/issue/afaffae6-b657-11f0-a746-7bcf6775ac61,Per-issue deep link,https://axeauditor.dequecloud.com/test-run/aa8a8272-ae0d-11f0-a2d2-5f492969aa5d,Innovoccer - Case and Care Management Web Audit_10-21-25-05:06,My Case details page,"Announce dynamic status changes (loading, saved, validation, result counts) through a live region — `role=""status""` / `aria-live=""polite""` — without moving focus.",Open — remediation required (1 occurrences),,
A11Y-095,Design System — component,Dropdown,core/components/atoms/dropdown,0,1,0,0,Fixed:1,High (declared in source report),Programmatic label does not convey purpose of control,label-programmatic-not-descriptive,2.4.6,Headings and Labels,AA,2.4 Navigable,2 Operable,Serious,1,Serious:1,Innovaccer - Incare Web Audit MDS issues found,2355405,2355405: https://axeauditor.dequecloud.com/test-run/aa8a8272-ae0d-11f0-a2d2-5f492969aa5d/issue/17a30144-b62a-11f0-8fc4-ab6885b0305a,Per-issue deep link,https://axeauditor.dequecloud.com/test-run/aa8a8272-ae0d-11f0-a2d2-5f492969aa5d,Innovoccer - Case and Care Management Web Audit_10-21-25-05:06,New Task,"Give each control a unique, descriptive programmatic label that starts with its visible text; disambiguate repeated controls (e.g. multiple ""Edit"" buttons) with row/section context, and use meaningful `title`/heading text.",Fixed — validated by auditor (1 closed); DS version not identifiable from CHANGELOG,,
A11Y-096,Design System — component,Dropdown,core/components/atoms/dropdown,1,0,0,0,Open:1,High (declared in source report),Accessible name does not contain visible label,speech-accessible-name-mismatch,2.5.3,Label in Name,A,2.5 Input Modalities,2 Operable,Serious,1,Serious:1,Innovaccer - Incare Web Audit MDS issues found,2356956,2356956: https://axeauditor.dequecloud.com/test-run/aa8a8272-ae0d-11f0-a2d2-5f492969aa5d/issue/9ef872bc-b6d1-11f0-bee4-3b2966469546,Per-issue deep link,https://axeauditor.dequecloud.com/test-run/aa8a8272-ae0d-11f0-a2d2-5f492969aa5d,Innovoccer - Case and Care Management Web Audit_10-21-25-05:06,New Task,"Ensure the accessible name contains the visible label text, in the same order, so speech-input users can target the control by name.",Open — remediation required (1 occurrences),,
A11Y-097,Product / page level,Dropdown,core/components/atoms/dropdown,1,0,0,0,Open:1,High (declared in source report),Correct reading order of dynamic content not determinable,new-content-bad-location,1.3.2,Meaningful Sequence,A,1.3 Adaptable,1 Perceivable,Serious,1,Serious:1,Innovaccer - Incare Web Audit MDS issues found,2374349,2374349: https://axeauditor.dequecloud.com/test-run/9e878f64-b8a4-11f0-b13a-430b8706e058/issue/6f1dd8c0-c059-11f0-89c6-57f43fea2c37,Per-issue deep link,https://axeauditor.dequecloud.com/test-run/9e878f64-b8a4-11f0-b13a-430b8706e058,Innovaccer - Case and Care Management Web Mobile (Tablet) Audit_11-03-25-04:31,Task,"Make DOM order match visual reading order; inject dynamically revealed content (menus, popovers, inline messages) immediately after its trigger and keep hidden content out of the reading order with `hidden`/`display:none` rather than visual offsets.",Not a DS defect — product/page level,,
A11Y-098,Design System — component,Dropdown,core/components/atoms/dropdown,1,0,0,0,Open:1,High (declared in source report),State of active component lacks 3 to 1 contrast ratio,contrast-uic-active-3-1-state,1.4.11,Non-text Contrast,AA,1.4 Distinguishable,1 Perceivable,Serious,1,Serious:1,Innovaccer - Incare Web Audit MDS issues found,2374365,2374365: https://axeauditor.dequecloud.com/test-run/9e878f64-b8a4-11f0-b13a-430b8706e058/issue/f59135ae-c05a-11f0-8a98-6725c2aabfaa,Per-issue deep link,https://axeauditor.dequecloud.com/test-run/9e878f64-b8a4-11f0-b13a-430b8706e058,Innovaccer - Case and Care Management Web Mobile (Tablet) Audit_11-03-25-04:31,Task,"Ensure non-text contrast ≥ 3:1 against adjacent colours for focus indicators, active/selected UI-component boundaries, and meaningful icons; use the focus-ring and border tokens rather than hard-coded colours.",Open — remediation required (1 occurrences),,
A11Y-099,Design System — component,Grid,core/components/organisms/grid,1,0,0,0,Open:1,High (matched DS markup in captured source),"All touch targets must be 24px large, or leave sufficient space",target-size,2.5.8,Target Size (Minimum),AA,2.5 Input Modalities,2 Operable,Serious,1,Serious:1,Innovaccer - DAP and Analytics Web Audit - Retest,2711412,2711412: https://axeauditor.dequecloud.com/test-run/878fe7e8-63d0-11f1-8176-0f09a18241fa/issue/26c7ba8b-0932-4c36-83af-af95b67b57b5,Per-issue deep link,https://axeauditor.dequecloud.com/test-run/878fe7e8-63d0-11f1-8176-0f09a18241fa,Innovaccer - DAP and Analytics Web Audit - Retest_06-09-26-12:25,Terminology,"Make pointer targets at least 24×24 CSS px, or leave equivalent spacing around smaller targets.",Open — remediation required (1 occurrences),,
A11Y-100,Design System — component,Grid,core/components/organisms/grid,0,1,0,0,Fixed:1,High (declared in source report),Table sort state is missing or incorrect,state-table-sort,4.1.2,"Name, Role, Value",A,4.1 Compatible,4 Robust,Serious,1,Serious:1,Innovaccer - Incare Web Audit MDS issues found,2346277,2346277: https://axeauditor.dequecloud.com/test-run/aa8a8272-ae0d-11f0-a2d2-5f492969aa5d/issue/07d2adc4-b322-11f0-9ec3-5b55c6a27f71,Per-issue deep link,https://axeauditor.dequecloud.com/test-run/aa8a8272-ae0d-11f0-a2d2-5f492969aa5d,Innovoccer - Case and Care Management Web Audit_10-21-25-05:06,Profile,"Expose correct name, role, value and state: use native semantics first, otherwise set the right `role` plus `aria-label`/`aria-labelledby`, and keep `aria-expanded`, `aria-selected`, `aria-sort`, `aria-checked` and required ARIA attributes in sync with the visual state. Avoid nested interactive elements.",Fixed — validated by auditor (1 closed),4.26.0,Grid: announce loading state to screen readers
A11Y-101,Design System — component,Grid,core/components/organisms/grid,0,1,0,0,Fixed:1,High (declared in source report),Link does not have a role,link-missing-role,4.1.2,"Name, Role, Value",A,4.1 Compatible,4 Robust,Serious,1,Serious:1,Innovaccer - Incare Web Audit MDS issues found,2424739,2424739: https://axeauditor.dequecloud.com/test-run/aa8a8272-ae0d-11f0-a2d2-5f492969aa5d/issue/2d4ea95c-d903-11f0-922e-1720a68a3421,Per-issue deep link,https://axeauditor.dequecloud.com/test-run/aa8a8272-ae0d-11f0-a2d2-5f492969aa5d,Innovoccer - Case and Care Management Web Audit_10-21-25-05:06,My Case details page,"Expose correct name, role, value and state: use native semantics first, otherwise set the right `role` plus `aria-label`/`aria-labelledby`, and keep `aria-expanded`, `aria-selected`, `aria-sort`, `aria-checked` and required ARIA attributes in sync with the visual state. Avoid nested interactive elements.",Fixed — validated by auditor (1 closed),4.26.0,Grid: announce loading state to screen readers
A11Y-102,Design System — component,Grid,core/components/organisms/grid,1,0,0,0,Open:1,High (declared in source report),Scrollable region must have keyboard access,scrollable-region-focusable,2.1.1,Keyboard,A,2.1 Keyboard Accessible,2 Operable,Serious,1,Serious:1,Innovaccer - Incare Web Audit MDS issues found,2352502,2352502: https://axeauditor.dequecloud.com/test-run/aa8a8272-ae0d-11f0-a2d2-5f492969aa5d/issue/adfabab7-ff84-4e4f-bc84-4b4d3bfea18e,Per-issue deep link,https://axeauditor.dequecloud.com/test-run/aa8a8272-ae0d-11f0-a2d2-5f492969aa5d,Innovoccer - Case and Care Management Web Audit_10-21-25-05:06,My Case details page,"Make every interactive element operable by keyboard alone: use native `<button>`/`<a>`, or add `tabIndex={0}` plus Enter/Space handlers via the shared space-key utility; give scrollable regions a focusable container.",Open — remediation required (1 occurrences),,
A11Y-103,Design System — component,Grid,core/components/organisms/grid,1,0,0,0,Open:1,High (declared in source report),Button does not have a role,button-missing-role,4.1.2,"Name, Role, Value",A,4.1 Compatible,4 Robust,Serious,1,Serious:1,Innovaccer - Incare Web Audit MDS issues found,2371082,2371082: https://axeauditor.dequecloud.com/test-run/9e878f64-b8a4-11f0-b13a-430b8706e058/issue/b30cad80-bec0-11f0-88fc-5f8e724f62a5,Per-issue deep link,https://axeauditor.dequecloud.com/test-run/9e878f64-b8a4-11f0-b13a-430b8706e058,Innovaccer - Case and Care Management Web Mobile (Tablet) Audit_11-03-25-04:31,Assessments,"Expose correct name, role, value and state: use native semantics first, otherwise set the right `role` plus `aria-label`/`aria-labelledby`, and keep `aria-expanded`, `aria-selected`, `aria-sort`, `aria-checked` and required ARIA attributes in sync with the visual state. Avoid nested interactive elements.",Open — remediation required (1 occurrences),,
A11Y-104,Design System — component,HorizontalNav,core/components/organisms/horizontalNav,0,1,0,0,Fixed:1,High (declared in source report),Selected state of the element is missing or incorrect,state-selected-missing-incorrect,4.1.2,"Name, Role, Value",A,4.1 Compatible,4 Robust,Serious,1,Serious:1,Innovaccer - Incare Web Audit MDS issues found,2343063,2343063: https://axeauditor.dequecloud.com/test-run/aa8a8272-ae0d-11f0-a2d2-5f492969aa5d/issue/2b6029f2-b0bf-11f0-ab8d-87376057b847,Per-issue deep link,https://axeauditor.dequecloud.com/test-run/aa8a8272-ae0d-11f0-a2d2-5f492969aa5d,Innovoccer - Case and Care Management Web Audit_10-21-25-05:06,Edit contact details and preferences' dialog,"Expose correct name, role, value and state: use native semantics first, otherwise set the right `role` plus `aria-label`/`aria-labelledby`, and keep `aria-expanded`, `aria-selected`, `aria-sort`, `aria-checked` and required ARIA attributes in sync with the visual state. Avoid nested interactive elements.",Fixed — validated by auditor (1 closed); DS version not identifiable from CHANGELOG,,
A11Y-105,Design System — component,Icon,core/components/atoms/icon,1,0,0,0,Open:1,High (declared in source report),Controls have same name but different actions,buttons-confusing,2.4.6,Headings and Labels,AA,2.4 Navigable,2 Operable,Serious,1,Serious:1,Innovaccer - Incare Web Audit MDS issues found,2345533,2345533: https://axeauditor.dequecloud.com/test-run/aa8a8272-ae0d-11f0-a2d2-5f492969aa5d/issue/22aa5056-b2f6-11f0-8c3a-4fb1e3887bab,Per-issue deep link,https://axeauditor.dequecloud.com/test-run/aa8a8272-ae0d-11f0-a2d2-5f492969aa5d,Innovoccer - Case and Care Management Web Audit_10-21-25-05:06,Assessments,"Give each control a unique, descriptive programmatic label that starts with its visible text; disambiguate repeated controls (e.g. multiple ""Edit"" buttons) with row/section context, and use meaningful `title`/heading text.",Open — remediation required (1 occurrences),,
A11Y-106,Design System — component,Label,core/components/atoms/label,1,0,0,0,Open:1,High (matched DS markup in captured source),Programmatic label does not convey purpose of control,label-programmatic-not-descriptive,2.4.6,Headings and Labels,AA,2.4 Navigable,2 Operable,Serious,1,Serious:1,DS audit report,2351366,2351366: https://axeauditor.dequecloud.com/test-run/45b36198-b498-11f0-a843-6f41ab87c814/issue/a6239db2-b4c1-11f0-b1b2-2fdf28617c6c,Per-issue deep link,https://axeauditor.dequecloud.com/test-run/45b36198-b498-11f0-a843-6f41ab87c814,Innovaccer - Design System Audit_10-29-25-12:53,Date Picker,"Give each control a unique, descriptive programmatic label that starts with its visible text; disambiguate repeated controls (e.g. multiple ""Edit"" buttons) with row/section context, and use meaningful `title`/heading text.",Open — remediation required (1 occurrences),,
A11Y-107,Design System — component,Label,core/components/atoms/label,1,0,0,0,Open:1,High (matched DS markup in captured source),Accessible name does not contain visible label,speech-accessible-name-mismatch,2.5.3,Label in Name,A,2.5 Input Modalities,2 Operable,Serious,1,Serious:1,DS audit report,2351367,2351367: https://axeauditor.dequecloud.com/test-run/45b36198-b498-11f0-a843-6f41ab87c814/issue/acd43acc-b4c1-11f0-9750-87c95ffa0d7f,Per-issue deep link,https://axeauditor.dequecloud.com/test-run/45b36198-b498-11f0-a843-6f41ab87c814,Innovaccer - Design System Audit_10-29-25-12:53,Date Picker,"Ensure the accessible name contains the visible label text, in the same order, so speech-input users can target the control by name.",Open — remediation required (1 occurrences),,
A11Y-108,Design System — component,Label,core/components/atoms/label,1,0,0,0,Open:1,High (matched DS markup in captured source),Keyboard focus is lost or misplaced due to user interaction or content update,focus-lost,2.4.3,Focus Order,A,2.4 Navigable,2 Operable,Serious,1,Serious:1,DS audit report,2355862,2355862: https://axeauditor.dequecloud.com/test-run/45b36198-b498-11f0-a843-6f41ab87c814/issue/b618a748-b64d-11f0-bc5a-5b46cc33d962,Per-issue deep link,https://axeauditor.dequecloud.com/test-run/45b36198-b498-11f0-a843-6f41ab87c814,Innovaccer - Design System Audit_10-29-25-12:53,Create User Form,"Keep focus order logical and trap focus inside modals/overlays: move focus to the dialog on open, cycle within it, restore focus to the trigger on close, and never focus visually hidden items.",Open — remediation required (1 occurrences),,
A11Y-109,Design System — component,Labelled controls (Input / Button / Select),"core/components/atoms/input, core/components/atoms/button, core/components/organisms/select",0,0,1,0,Out of scope:1,Medium (inferred from Deque rule id),Accessible name does not contain visible label,speech-accessible-name-mismatch,2.5.3,Label in Name,A,2.5 Input Modalities,2 Operable,Serious,1,Serious:1,Innovaccer - User Admin and Help Guide Web Audit,2347966,2347966,Test-run link only — source export omits per-issue auditor URLs; find by Issue ID in the run,https://axeauditor.dequecloud.com/test-run/fb2d5e00-ae0a-11f0-8290-5faeec950510,,How can we improve this article dialog,"Ensure the accessible name contains the visible label text, in the same order, so speech-input users can target the control by name.",Out of scope — 3rd-party / Help Center content,,
A11Y-110,Design System — component,Labelled controls (Input / Button / Select),"core/components/atoms/input, core/components/atoms/button, core/components/organisms/select",0,1,0,0,Fixed:1,Medium (inferred from Deque rule id),Accessible name missing,speech-accessible-name-missing,2.5.3,Label in Name,A,2.5 Input Modalities,2 Operable,Serious,1,Serious:1,Innovaccer - User Admin and Help Guide Web Audit,2355703,2355703,Test-run link only — source export omits per-issue auditor URLs; find by Issue ID in the run,https://axeauditor.dequecloud.com/test-run/fb2d5e00-ae0a-11f0-8290-5faeec950510,,Own User details page,"Ensure the accessible name contains the visible label text, in the same order, so speech-input users can target the control by name.",Fixed — validated by auditor (1 closed); DS version not identifiable from CHANGELOG,,
A11Y-111,Design System — component,Link,core/components/atoms/link,1,0,0,0,Open:1,High (declared in source report),Link contrast is not at least 3:1 with surrounding text,link-insufficient-contrast,1.4.1,Use of Color,A,1.4 Distinguishable,1 Perceivable,Serious,1,Serious:1,Innovaccer - Incare Web Audit MDS issues found,2342435,2342435: https://axeauditor.dequecloud.com/test-run/aa8a8272-ae0d-11f0-a2d2-5f492969aa5d/issue/b42a3a5c-b09c-11f0-ac65-cfe8d5ae474b,Per-issue deep link,https://axeauditor.dequecloud.com/test-run/aa8a8272-ae0d-11f0-a2d2-5f492969aa5d,Innovoccer - Case and Care Management Web Audit_10-21-25-05:06,Patients,Review against WCAG 2.2 1.4.1.,Open — remediation required (1 occurrences),,
A11Y-112,Design System — component,Link,core/components/atoms/link,1,0,0,0,Open:1,Medium (inferred from Deque rule id),Link does not have a role,link-missing-role,4.1.2,"Name, Role, Value",A,4.1 Compatible,4 Robust,Serious,1,Serious:1,Innovaccer - User Admin and Help Guide Web Audit,2340406,2340406,Test-run link only — source export omits per-issue auditor URLs; find by Issue ID in the run,https://axeauditor.dequecloud.com/test-run/fb2d5e00-ae0a-11f0-8290-5faeec950510,,Roles,"Expose correct name, role, value and state: use native semantics first, otherwise set the right `role` plus `aria-label`/`aria-labelledby`, and keep `aria-expanded`, `aria-selected`, `aria-sort`, `aria-checked` and required ARIA attributes in sync with the visual state. Avoid nested interactive elements.",Open — remediation required (1 occurrences),,
A11Y-113,Product / page level,N/A — page markup (lang attribute),,0,0,1,0,Out of scope:1,N/A (not a DS defect),Value of the lang attribute is not valid,lang-invalid,3.1.2,Language of Parts,AA,3.1 Readable,3 Understandable,Serious,1,Serious:1,Innovaccer - User Admin and Help Guide Mobile (Tablet) Web Audit,2355395,2355395,None — source export has no auditor URL; look up by Issue ID in axe Auditor,,,,Mark passages in a different language with a valid `lang` attribute on the containing element.,Not a DS defect — product/page level,,
A11Y-114,Product / page level,N/A — product focus management,,0,1,0,0,Fixed:1,N/A (not a DS defect),Hidden or empty element receives focus,focus-on-hidden-item,2.4.3,Focus Order,A,2.4 Navigable,2 Operable,Serious,1,Serious:1,Innovaccer - User Admin and Help Guide Web Audit,2355423,2355423,Test-run link only — source export omits per-issue auditor URLs; find by Issue ID in the run,https://axeauditor.dequecloud.com/test-run/fb2d5e00-ae0a-11f0-8290-5faeec950510,,Project wide,"Keep focus order logical and trap focus inside modals/overlays: move focus to the dialog on open, cycle within it, restore focus to the trigger on close, and never focus visually hidden items.",Not a DS defect — product/page level,,
A11Y-115,Product / page level,N/A — product focus order,,1,0,0,0,Open:1,N/A (not a DS defect),Keyboard focus order is not logical,tab-order-illogical,2.4.3,Focus Order,A,2.4 Navigable,2 Operable,Serious,1,Serious:1,Innovaccer - User Admin and Help Guide Web Audit,2340030,2340030,Test-run link only — source export omits per-issue auditor URLs; find by Issue ID in the run,https://axeauditor.dequecloud.com/test-run/fb2d5e00-ae0a-11f0-8290-5faeec950510,,Roles,"Keep focus order logical and trap focus inside modals/overlays: move focus to the dialog on open, cycle within it, restore focus to the trigger on close, and never focus visually hidden items.",Not a DS defect — product/page level,,
A11Y-116,Design System — component,NestedControls,core/components/atoms/chip,0,1,0,0,Fixed:1,High (declared in source report),Interactive controls must not be nested,nested-interactive,4.1.2,"Name, Role, Value",A,4.1 Compatible,4 Robust,Serious,1,Serious:1,Innovaccer - Incare Web Audit MDS issues found,2350273,2350273: https://axeauditor.dequecloud.com/test-run/aa8a8272-ae0d-11f0-a2d2-5f492969aa5d/issue/eb427428-1915-4419-9bae-f2f614bcd913,Per-issue deep link,https://axeauditor.dequecloud.com/test-run/aa8a8272-ae0d-11f0-a2d2-5f492969aa5d,Innovoccer - Case and Care Management Web Audit_10-21-25-05:06,Clinical Data,"Expose correct name, role, value and state: use native semantics first, otherwise set the right `role` plus `aria-label`/`aria-labelledby`, and keep `aria-expanded`, `aria-selected`, `aria-sort`, `aria-checked` and required ARIA attributes in sync with the visual state. Avoid nested interactive elements.",Fixed — validated by auditor (1 closed); DS version not identifiable from CHANGELOG,,
A11Y-117,Design System — component,PageHeader,core/components/organisms/pageHeader,1,0,0,0,Open:1,High (declared in source report),Text spacing content cut off,text-spacing-cut-off,1.4.12,Text Spacing,AA,1.4 Distinguishable,1 Perceivable,Serious,1,Serious:1,Innovaccer - Incare Web Audit MDS issues found,2346006,2346006: https://axeauditor.dequecloud.com/test-run/aa8a8272-ae0d-11f0-a2d2-5f492969aa5d/issue/01f86452-b309-11f0-835d-3fa4a4e44946,Per-issue deep link,https://axeauditor.dequecloud.com/test-run/aa8a8272-ae0d-11f0-a2d2-5f492969aa5d,Innovoccer - Case and Care Management Web Audit_10-21-25-05:06,Sample Assessments,"Ensure no content is clipped when users override text spacing (line-height 1.5, letter-spacing 0.12em, word-spacing 0.16em, paragraph spacing 2em) — avoid fixed heights and `overflow: hidden` on text containers.",Open — remediation required (1 occurrences),,
A11Y-118,Design System — component,PlaceholderParagraph,core/components/atoms/placeholderParagraph,1,0,0,0,Open:1,High (declared in source report),Graphical object lacks 3 to 1 contrast ratio,contrast-graphical-objects-3-1,1.4.11,Non-text Contrast,AA,1.4 Distinguishable,1 Perceivable,Serious,1,Serious:1,Innovaccer - Incare Web Audit MDS issues found,2422812,2422812: https://axeauditor.dequecloud.com/test-run/aa8a8272-ae0d-11f0-a2d2-5f492969aa5d/issue/d2879190-d719-11f0-9fe2-9be958675f4a,Per-issue deep link,https://axeauditor.dequecloud.com/test-run/aa8a8272-ae0d-11f0-a2d2-5f492969aa5d,Innovoccer - Case and Care Management Web Audit_10-21-25-05:06,Case,"Ensure non-text contrast ≥ 3:1 against adjacent colours for focus indicators, active/selected UI-component boundaries, and meaningful icons; use the focus-ring and border tokens rather than hard-coded colours.",Open — remediation required (1 occurrences),,
A11Y-119,Design System — component,Popover,core/components/molecules/popover,0,1,0,0,Fixed:1,High (declared in source report),Hover content disappearing,content-hover-disappears,1.4.13,Content on Hover or Focus,AA,1.4 Distinguishable,1 Perceivable,Serious,1,Serious:1,Innovaccer - Incare Web Audit MDS issues found,2347625,2347625: https://axeauditor.dequecloud.com/test-run/aa8a8272-ae0d-11f0-a2d2-5f492969aa5d/issue/45ca863e-b3b7-11f0-9055-1fb6b9f41526,Per-issue deep link,https://axeauditor.dequecloud.com/test-run/aa8a8272-ae0d-11f0-a2d2-5f492969aa5d,Innovoccer - Case and Care Management Web Audit_10-21-25-05:06,Profile,Review against WCAG 2.2 1.4.13.,Fixed — validated by auditor (1 closed); DS version not identifiable from CHANGELOG,,
A11Y-120,Design System — component,Popover,core/components/molecules/popover,0,1,0,0,Fixed:1,High (declared in source report),Additional content not dismissible,content-not-dismissible,1.4.13,Content on Hover or Focus,AA,1.4 Distinguishable,1 Perceivable,Serious,1,Serious:1,Innovaccer - Incare Web Audit MDS issues found,2347626,2347626: https://axeauditor.dequecloud.com/test-run/aa8a8272-ae0d-11f0-a2d2-5f492969aa5d/issue/7b166dbc-b3b7-11f0-b0f6-cb13e851885b,Per-issue deep link,https://axeauditor.dequecloud.com/test-run/aa8a8272-ae0d-11f0-a2d2-5f492969aa5d,Innovoccer - Case and Care Management Web Audit_10-21-25-05:06,Profile,Review against WCAG 2.2 1.4.13.,Fixed — validated by auditor (1 closed); DS version not identifiable from CHANGELOG,,
A11Y-121,Design System — component,Popover,core/components/molecules/popover,1,0,0,0,Open:1,High (declared in source report),Focus indicator lacks 3 to 1 contrast ratio,contrast-focus-indicator,1.4.11,Non-text Contrast,AA,1.4 Distinguishable,1 Perceivable,Serious,1,Serious:1,Innovaccer - Incare Web Audit MDS issues found,2356033,2356033: https://axeauditor.dequecloud.com/test-run/aa8a8272-ae0d-11f0-a2d2-5f492969aa5d/issue/a9cac43a-b657-11f0-bbeb-cfccd33a9607,Per-issue deep link,https://axeauditor.dequecloud.com/test-run/aa8a8272-ae0d-11f0-a2d2-5f492969aa5d,Innovoccer - Case and Care Management Web Audit_10-21-25-05:06,My Case details page,"Ensure non-text contrast ≥ 3:1 against adjacent colours for focus indicators, active/selected UI-component boundaries, and meaningful icons; use the focus-ring and border tokens rather than hard-coded colours.",Open — remediation required (1 occurrences),,
A11Y-122,Product / page level,Popover,core/components/molecules/popover,0,1,0,0,Fixed:1,High (declared in source report),Correct reading order of dynamic content not determinable,new-content-bad-location,1.3.2,Meaningful Sequence,A,1.3 Adaptable,1 Perceivable,Serious,1,Serious:1,Innovaccer - Incare Web Audit MDS issues found,2424748,2424748: https://axeauditor.dequecloud.com/test-run/aa8a8272-ae0d-11f0-a2d2-5f492969aa5d/issue/e7708494-d904-11f0-9c90-3b664dc274b7,Per-issue deep link,https://axeauditor.dequecloud.com/test-run/aa8a8272-ae0d-11f0-a2d2-5f492969aa5d,Innovoccer - Case and Care Management Web Audit_10-21-25-05:06,High Risk Maternity,"Make DOM order match visual reading order; inject dynamically revealed content (menus, popovers, inline messages) immediately after its trigger and keep hidden content out of the reading order with `hidden`/`display:none` rather than visual offsets.",Not a DS defect — product/page level,,
A11Y-123,Design System — component,Popover,core/components/molecules/popover,1,0,0,0,Open:1,High (declared in source report),Text content lacks 4.5:1 contrast ratio,contrast-text-4.5-1,1.4.3,Contrast (Minimum),AA,1.4 Distinguishable,1 Perceivable,Serious,1,Serious:1,Innovaccer - Incare Web Audit MDS issues found,2343949,2343949: https://axeauditor.dequecloud.com/test-run/aa8a8272-ae0d-11f0-a2d2-5f492969aa5d/issue/12a4941c-b0d7-11f0-a5a6-8b3bc079b7f0,Per-issue deep link,https://axeauditor.dequecloud.com/test-run/aa8a8272-ae0d-11f0-a2d2-5f492969aa5d,Innovoccer - Case and Care Management Web Audit_10-21-25-05:06,Patients,Raise text contrast to at least 4.5:1 (3:1 for large text) using approved contrast-safe design tokens from `css/src/variables/index.css`; applies to placeholder and in-focus/hover link text too.,Open — remediation required (1 occurrences),,
A11Y-124,Product / page level,Popover,core/components/molecules/popover,1,0,0,0,Open:1,High (declared in source report),Hidden or empty element receives focus,focus-on-hidden-item,2.4.3,Focus Order,A,2.4 Navigable,2 Operable,Serious,1,Serious:1,Innovaccer - Incare Web Audit MDS issues found,2348223,2348223: https://axeauditor.dequecloud.com/test-run/aa8a8272-ae0d-11f0-a2d2-5f492969aa5d/issue/02d9b274-b3d9-11f0-9586-bb9877d3e8a1,Per-issue deep link,https://axeauditor.dequecloud.com/test-run/aa8a8272-ae0d-11f0-a2d2-5f492969aa5d,Innovoccer - Case and Care Management Web Audit_10-21-25-05:06,Task,"Keep focus order logical and trap focus inside modals/overlays: move focus to the dialog on open, cycle within it, restore focus to the trigger on close, and never focus visually hidden items.",Not a DS defect — product/page level,,
A11Y-125,Design System — component,Radio,core/components/atoms/radio,0,0,1,0,Out of scope:1,Medium (inferred from Deque rule id),Group of radio buttons not associated with group label,label-group-radio-not-associated,1.3.1,Info and Relationships,A,1.3 Adaptable,1 Perceivable,Serious,1,Serious:1,Innovaccer - User Admin and Help Guide Web Audit,2347964,2347964,Test-run link only — source export omits per-issue auditor URLs; find by Issue ID in the run,https://axeauditor.dequecloud.com/test-run/fb2d5e00-ae0a-11f0-8290-5faeec950510,,How can we improve this article dialog,"Convey structure semantically: real `<ul>/<ol>` with only `<li>` children, `<table>` with `<th scope>` header cells, heading levels in sequential order, and programmatically associated group labels (`<fieldset>/<legend>` or `role=""group""` + `aria-labelledby`).",Out of scope — 3rd-party / Help Center content,,
A11Y-126,Design System — component,RichTextEditor,core/components/atoms/editable,1,0,0,0,Open:1,High (declared in source report),Visual list is not marked up as list,semantic-list,1.3.1,Info and Relationships,A,1.3 Adaptable,1 Perceivable,Serious,1,Serious:1,Innovaccer - Incare Web Audit MDS issues found,2340918,2340918: https://axeauditor.dequecloud.com/test-run/aa8a8272-ae0d-11f0-a2d2-5f492969aa5d/issue/1d995990-afe5-11f0-ad7a-3b33025e1ba9,Per-issue deep link,https://axeauditor.dequecloud.com/test-run/aa8a8272-ae0d-11f0-a2d2-5f492969aa5d,Innovoccer - Case and Care Management Web Audit_10-21-25-05:06,Contact the Patient 1st Call flyout,"Convey structure semantically: real `<ul>/<ol>` with only `<li>` children, `<table>` with `<th scope>` header cells, heading levels in sequential order, and programmatically associated group labels (`<fieldset>/<legend>` or `role=""group""` + `aria-labelledby`).",Open — remediation required (1 occurrences),,
A11Y-127,Design System — component,RichTextEditor,core/components/atoms/editable,1,0,0,0,Open:1,High (declared in source report),Button pressed state is not conveyed,button-state-pressed,4.1.2,"Name, Role, Value",A,4.1 Compatible,4 Robust,Serious,1,Serious:1,Innovaccer - Incare Web Audit MDS issues found,2340919,2340919: https://axeauditor.dequecloud.com/test-run/aa8a8272-ae0d-11f0-a2d2-5f492969aa5d/issue/2fb0c550-afe5-11f0-a396-c35612da221e,Per-issue deep link,https://axeauditor.dequecloud.com/test-run/aa8a8272-ae0d-11f0-a2d2-5f492969aa5d,Innovoccer - Case and Care Management Web Audit_10-21-25-05:06,Contact the Patient 1st Call flyout,"Expose correct name, role, value and state: use native semantics first, otherwise set the right `role` plus `aria-label`/`aria-labelledby`, and keep `aria-expanded`, `aria-selected`, `aria-sort`, `aria-checked` and required ARIA attributes in sync with the visual state. Avoid nested interactive elements.",Open — remediation required (1 occurrences),,
A11Y-128,Design System — component,RichTextEditor,core/components/atoms/editable,1,0,0,0,Open:1,High (declared in source report),Controls have same name but different actions,buttons-confusing,2.4.6,Headings and Labels,AA,2.4 Navigable,2 Operable,Serious,1,Serious:1,Innovaccer - Incare Web Audit MDS issues found,2350797,2350797: https://axeauditor.dequecloud.com/test-run/aa8a8272-ae0d-11f0-a2d2-5f492969aa5d/issue/ab7db0e4-b49f-11f0-8923-cb5e0019b8a8,Per-issue deep link,https://axeauditor.dequecloud.com/test-run/aa8a8272-ae0d-11f0-a2d2-5f492969aa5d,Innovoccer - Case and Care Management Web Audit_10-21-25-05:06,Chronic Care Management,"Give each control a unique, descriptive programmatic label that starts with its visible text; disambiguate repeated controls (e.g. multiple ""Edit"" buttons) with row/section context, and use meaningful `title`/heading text.",Open — remediation required (1 occurrences),,
A11Y-129,Design System — component,RichTextEditor,core/components/atoms/editable,1,0,0,0,Open:1,High (declared in source report),Programmatic label does not convey purpose of control,label-programmatic-not-descriptive,2.4.6,Headings and Labels,AA,2.4 Navigable,2 Operable,Serious,1,Serious:1,Innovaccer - Incare Web Audit MDS issues found,2412009,2412009: https://axeauditor.dequecloud.com/test-run/aa8a8272-ae0d-11f0-a2d2-5f492969aa5d/issue/9748bd9a-d37a-11f0-9bf5-e3e8a159a633,Per-issue deep link,https://axeauditor.dequecloud.com/test-run/aa8a8272-ae0d-11f0-a2d2-5f492969aa5d,Innovoccer - Case and Care Management Web Audit_10-21-25-05:06,New Task,"Give each control a unique, descriptive programmatic label that starts with its visible text; disambiguate repeated controls (e.g. multiple ""Edit"" buttons) with row/section context, and use meaningful `title`/heading text.",Open — remediation required (1 occurrences),,
A11Y-130,Design System — component,RichTextEditor,core/components/atoms/editable,1,0,0,0,Open:1,High (declared in source report),Selected state of the element is missing or incorrect,state-selected-missing-incorrect,4.1.2,"Name, Role, Value",A,4.1 Compatible,4 Robust,Serious,1,Serious:1,Innovaccer - Incare Web Audit MDS issues found,2413964,2413964: https://axeauditor.dequecloud.com/test-run/aa8a8272-ae0d-11f0-a2d2-5f492969aa5d/issue/d5d6de78-d43a-11f0-9169-4ba84c19e1eb,Per-issue deep link,https://axeauditor.dequecloud.com/test-run/aa8a8272-ae0d-11f0-a2d2-5f492969aa5d,Innovoccer - Case and Care Management Web Audit_10-21-25-05:06,New Task,"Expose correct name, role, value and state: use native semantics first, otherwise set the right `role` plus `aria-label`/`aria-labelledby`, and keep `aria-expanded`, `aria-selected`, `aria-sort`, `aria-checked` and required ARIA attributes in sync with the visual state. Avoid nested interactive elements.",Open — remediation required (1 occurrences),,
A11Y-131,Product / page level,RichTextEditor,core/components/atoms/editable,1,0,0,0,Open:1,High (declared in source report),Keyboard focus order is not logical,tab-order-illogical,2.4.3,Focus Order,A,2.4 Navigable,2 Operable,Serious,1,Serious:1,Innovaccer - Incare Web Audit MDS issues found,2412015,2412015: https://axeauditor.dequecloud.com/test-run/aa8a8272-ae0d-11f0-a2d2-5f492969aa5d/issue/7563e67c-d37b-11f0-8f1e-6fefed906a79,Per-issue deep link,https://axeauditor.dequecloud.com/test-run/aa8a8272-ae0d-11f0-a2d2-5f492969aa5d,Innovoccer - Case and Care Management Web Audit_10-21-25-05:06,New Task,"Keep focus order logical and trap focus inside modals/overlays: move focus to the dialog on open, cycle within it, restore focus to the trigger on close, and never focus visually hidden items.",Not a DS defect — product/page level,,
A11Y-132,Design System — component,RichTextEditor,core/components/atoms/editable,1,0,0,0,Open:1,High (declared in source report),Expand/collapse state of the element is missing or incorrect,state-aria-expanded-missing-incorrect,4.1.2,"Name, Role, Value",A,4.1 Compatible,4 Robust,Serious,1,Serious:1,Innovaccer - Incare Web Audit MDS issues found,2412007,2412007: https://axeauditor.dequecloud.com/test-run/aa8a8272-ae0d-11f0-a2d2-5f492969aa5d/issue/7b3a9fec-d37a-11f0-afa7-f7e9eb38f67f,Per-issue deep link,https://axeauditor.dequecloud.com/test-run/aa8a8272-ae0d-11f0-a2d2-5f492969aa5d,Innovoccer - Case and Care Management Web Audit_10-21-25-05:06,New Task,"Expose correct name, role, value and state: use native semantics first, otherwise set the right `role` plus `aria-label`/`aria-labelledby`, and keep `aria-expanded`, `aria-selected`, `aria-sort`, `aria-checked` and required ARIA attributes in sync with the visual state. Avoid nested interactive elements.",Open — remediation required (1 occurrences),,
A11Y-133,Product / page level,RichTextEditor,core/components/atoms/editable,1,0,0,0,Open:1,High (declared in source report),Correct reading order of dynamic content not determinable,new-content-bad-location,1.3.2,Meaningful Sequence,A,1.3 Adaptable,1 Perceivable,Serious,1,Serious:1,Innovaccer - Incare Web Audit MDS issues found,2350853,2350853: https://axeauditor.dequecloud.com/test-run/aa8a8272-ae0d-11f0-a2d2-5f492969aa5d/issue/bf90773c-b4a5-11f0-999e-435ccf642544,Per-issue deep link,https://axeauditor.dequecloud.com/test-run/aa8a8272-ae0d-11f0-a2d2-5f492969aa5d,Innovoccer - Case and Care Management Web Audit_10-21-25-05:06,Chronic Care Management,"Make DOM order match visual reading order; inject dynamically revealed content (menus, popovers, inline messages) immediately after its trigger and keep hidden content out of the reading order with `hidden`/`display:none` rather than visual offsets.",Not a DS defect — product/page level,,
A11Y-134,Design System — component,RichTextEditor,core/components/atoms/editable,1,0,0,0,Open:1,High (declared in source report),Additional content not dismissible,content-not-dismissible,1.4.13,Content on Hover or Focus,AA,1.4 Distinguishable,1 Perceivable,Serious,1,Serious:1,Innovaccer - Incare Web Audit MDS issues found,2355860,2355860: https://axeauditor.dequecloud.com/test-run/aa8a8272-ae0d-11f0-a2d2-5f492969aa5d/issue/e1b4ec6e-b64c-11f0-b876-a74ab35fe6cb,Per-issue deep link,https://axeauditor.dequecloud.com/test-run/aa8a8272-ae0d-11f0-a2d2-5f492969aa5d,Innovoccer - Case and Care Management Web Audit_10-21-25-05:06,New Task,Review against WCAG 2.2 1.4.13.,Open — remediation required (1 occurrences),,
A11Y-135,Design System — component,Select,core/components/organisms/select,1,0,0,0,Open:1,High (matched DS markup in captured source),Programmatic label does not convey purpose of control,label-programmatic-not-descriptive,2.4.6,Headings and Labels,AA,2.4 Navigable,2 Operable,Serious,1,Serious:1,DS audit report,2354461,2354461: https://axeauditor.dequecloud.com/test-run/45b36198-b498-11f0-a843-6f41ab87c814/issue/2b3d9abe-b591-11f0-8276-f32d3064b70f,Per-issue deep link,https://axeauditor.dequecloud.com/test-run/45b36198-b498-11f0-a843-6f41ab87c814,Innovaccer - Design System Audit_10-29-25-12:53,Create User Form,"Give each control a unique, descriptive programmatic label that starts with its visible text; disambiguate repeated controls (e.g. multiple ""Edit"" buttons) with row/section context, and use meaningful `title`/heading text.",Open — remediation required (1 occurrences),,
A11Y-136,Design System — component,Select,core/components/organisms/select,1,0,0,0,Open:1,High (matched DS markup in captured source),Accessible name does not contain visible label,speech-accessible-name-mismatch,2.5.3,Label in Name,A,2.5 Input Modalities,2 Operable,Serious,1,Serious:1,DS audit report,2354462,2354462: https://axeauditor.dequecloud.com/test-run/45b36198-b498-11f0-a843-6f41ab87c814/issue/32415418-b591-11f0-9f7a-1f4ec4dfb2b5,Per-issue deep link,https://axeauditor.dequecloud.com/test-run/45b36198-b498-11f0-a843-6f41ab87c814,Innovaccer - Design System Audit_10-29-25-12:53,Create User Form,"Ensure the accessible name contains the visible label text, in the same order, so speech-input users can target the control by name.",Open — remediation required (1 occurrences),,
A11Y-137,Design System — component,Select,core/components/organisms/select,1,0,0,0,Open:1,High (matched DS markup in captured source),Controls have same name but different actions,buttons-confusing,2.4.6,Headings and Labels,AA,2.4 Navigable,2 Operable,Serious,1,Serious:1,DS audit report,2356809,2356809: https://axeauditor.dequecloud.com/test-run/45b36198-b498-11f0-a843-6f41ab87c814/issue/5a878d94-b667-11f0-abf2-c3fc1a4fa914,Per-issue deep link,https://axeauditor.dequecloud.com/test-run/45b36198-b498-11f0-a843-6f41ab87c814,Innovaccer - Design System Audit_10-29-25-12:53,Time Period Form,"Give each control a unique, descriptive programmatic label that starts with its visible text; disambiguate repeated controls (e.g. multiple ""Edit"" buttons) with row/section context, and use meaningful `title`/heading text.",Open — remediation required (1 occurrences),,
A11Y-138,Design System — component,Select,core/components/organisms/select,1,0,0,0,Open:1,High (declared in source report),Elements must meet minimum color contrast ratio thresholds,color-contrast,1.4.3,Contrast (Minimum),AA,1.4 Distinguishable,1 Perceivable,Serious,1,Serious:1,Innovaccer - Incare Web Audit MDS issues found,2352501,2352501: https://axeauditor.dequecloud.com/test-run/aa8a8272-ae0d-11f0-a2d2-5f492969aa5d/issue/c4e2bcdf-1d45-4e84-bad9-53effe50de24,Per-issue deep link,https://axeauditor.dequecloud.com/test-run/aa8a8272-ae0d-11f0-a2d2-5f492969aa5d,Innovoccer - Case and Care Management Web Audit_10-21-25-05:06,My Case details page,Raise text contrast to at least 4.5:1 (3:1 for large text) using approved contrast-safe design tokens from `css/src/variables/index.css`; applies to placeholder and in-focus/hover link text too.,Open — remediation required (1 occurrences),,
A11Y-139,Design System — component,Select,core/components/organisms/select,0,1,0,0,Fixed:1,High (declared in source report),Keyboard focus is lost or misplaced due to user interaction or content update,focus-lost,2.4.3,Focus Order,A,2.4 Navigable,2 Operable,Serious,1,Serious:1,Innovaccer - Incare Web Audit MDS issues found,2342083,2342083: https://axeauditor.dequecloud.com/test-run/aa8a8272-ae0d-11f0-a2d2-5f492969aa5d/issue/2113456a-b038-11f0-bb9c-8b2dc2dab66a,Per-issue deep link,https://axeauditor.dequecloud.com/test-run/aa8a8272-ae0d-11f0-a2d2-5f492969aa5d,Innovoccer - Case and Care Management Web Audit_10-21-25-05:06,Contact the Patient 1st Call flyout,"Keep focus order logical and trap focus inside modals/overlays: move focus to the dialog on open, cycle within it, restore focus to the trigger on close, and never focus visually hidden items.",Fixed — validated by auditor (1 closed); DS version not identifiable from CHANGELOG,,
A11Y-140,Design System — component,Select,core/components/organisms/select,0,1,0,0,Fixed:1,High (declared in source report),Focus indicator is not visible,focus-not-clearly-visible,2.4.7,Focus Visible,AA,2.4 Navigable,2 Operable,Serious,1,Serious:1,Innovaccer - Incare Web Audit MDS issues found,2340828,2340828: https://axeauditor.dequecloud.com/test-run/aa8a8272-ae0d-11f0-a2d2-5f492969aa5d/issue/b6ead180-afdd-11f0-87e1-df9564d0e773,Per-issue deep link,https://axeauditor.dequecloud.com/test-run/aa8a8272-ae0d-11f0-a2d2-5f492969aa5d,Innovoccer - Case and Care Management Web Audit_10-21-25-05:06,Contact the Patient 1st Call flyout,Provide a visible `:focus-visible` indicator on every focusable element — never `outline: none` without a token-based replacement ring.,Fixed — validated by auditor (1 closed); DS version not identifiable from CHANGELOG,,
A11Y-141,Design System — component,StatusHint,core/components/atoms/statusHint,0,1,0,0,Fixed:1,High (declared in source report),Programmatic label does not convey purpose of control,label-programmatic-not-descriptive,2.4.6,Headings and Labels,AA,2.4 Navigable,2 Operable,Serious,1,Serious:1,Innovaccer - Incare Web Audit MDS issues found,2396390,2396390: https://axeauditor.dequecloud.com/test-run/aa8a8272-ae0d-11f0-a2d2-5f492969aa5d/issue/2ccbfede-cab8-11f0-a52a-dbe50a35a631,Per-issue deep link,https://axeauditor.dequecloud.com/test-run/aa8a8272-ae0d-11f0-a2d2-5f492969aa5d,Innovoccer - Case and Care Management Web Audit_10-21-25-05:06,Patients,"Give each control a unique, descriptive programmatic label that starts with its visible text; disambiguate repeated controls (e.g. multiple ""Edit"" buttons) with row/section context, and use meaningful `title`/heading text.",Fixed — validated by auditor (1 closed),4.23.0,"StatusHint: add aria-label to status icon, hide skeletons from AT"
A11Y-142,Design System — component,Table / Grid,"core/components/organisms/table, core/components/organisms/grid",0,1,0,0,Fixed:1,Medium (inferred from Deque rule id),Scrollable region must have keyboard access,scrollable-region-focusable,2.1.1,Keyboard,A,2.1 Keyboard Accessible,2 Operable,Serious,1,Serious:1,Innovaccer - User Admin and Help Guide Web Audit,2339312,2339312,Test-run link only — source export omits per-issue auditor URLs; find by Issue ID in the run,https://axeauditor.dequecloud.com/test-run/fb2d5e00-ae0a-11f0-8290-5faeec950510,,Roles,"Make every interactive element operable by keyboard alone: use native `<button>`/`<a>`, or add `tabIndex={0}` plus Enter/Space handlers via the shared space-key utility; give scrollable regions a focusable container.",Fixed — validated by auditor (1 closed); DS version not identifiable from CHANGELOG,,
A11Y-143,Design System — component,Table / Grid,"core/components/organisms/table, core/components/organisms/grid",0,1,0,0,Fixed:1,Medium (inferred from Deque rule id),Table sort state is missing or incorrect,state-table-sort,4.1.2,"Name, Role, Value",A,4.1 Compatible,4 Robust,Serious,1,Serious:1,Innovaccer - User Admin and Help Guide Web Audit,2340418,2340418,Test-run link only — source export omits per-issue auditor URLs; find by Issue ID in the run,https://axeauditor.dequecloud.com/test-run/fb2d5e00-ae0a-11f0-8290-5faeec950510,,Roles,"Expose correct name, role, value and state: use native semantics first, otherwise set the right `role` plus `aria-label`/`aria-labelledby`, and keep `aria-expanded`, `aria-selected`, `aria-sort`, `aria-checked` and required ARIA attributes in sync with the visual state. Avoid nested interactive elements.",Fixed — validated by auditor (1 closed); DS version not identifiable from CHANGELOG,,
A11Y-144,Design System — component,Text,core/components/atoms/text,0,0,1,0,Out of scope:1,Medium (inferred from Deque rule id),Text spacing content cut off,text-spacing-cut-off,1.4.12,Text Spacing,AA,1.4 Distinguishable,1 Perceivable,Serious,1,Serious:1,Innovaccer - User Admin and Help Guide Web Audit,2346580,2346580,Test-run link only — source export omits per-issue auditor URLs; find by Issue ID in the run,https://axeauditor.dequecloud.com/test-run/fb2d5e00-ae0a-11f0-8290-5faeec950510,,How can we improve this article dialog,"Ensure no content is clipped when users override text spacing (line-height 1.5, letter-spacing 0.12em, word-spacing 0.16em, paragraph spacing 2em) — avoid fixed heights and `overflow: hidden` on text containers.",Out of scope — 3rd-party / Help Center content,,
A11Y-145,Design System — component,Textarea,core/components/atoms/textarea,1,0,0,0,Open:1,High (matched DS markup in captured source),Active user interface component lacks 3 to 1 contrast ratio,contrast-uic-active-3-1,1.4.11,Non-text Contrast,AA,1.4 Distinguishable,1 Perceivable,Serious,1,Serious:1,DS audit report,2356880,2356880: https://axeauditor.dequecloud.com/test-run/45b36198-b498-11f0-a843-6f41ab87c814/issue/340d01aa-b679-11f0-b486-cb9a10eeac70,Per-issue deep link,https://axeauditor.dequecloud.com/test-run/45b36198-b498-11f0-a843-6f41ab87c814,Innovaccer - Design System Audit_10-29-25-12:53,Stepper Form,"Ensure non-text contrast ≥ 3:1 against adjacent colours for focus indicators, active/selected UI-component boundaries, and meaningful icons; use the focus-ring and border tokens rather than hard-coded colours.",Open — remediation required (1 occurrences),,
A11Y-146,Product / page level,Tooltip,core/components/molecules/tooltip,1,0,0,0,Open:1,High (declared in source report),Correct reading order of dynamic content not determinable,new-content-bad-location,1.3.2,Meaningful Sequence,A,1.3 Adaptable,1 Perceivable,Serious,1,Serious:1,Innovaccer - Incare Web Audit MDS issues found,2374462,2374462: https://axeauditor.dequecloud.com/test-run/9e878f64-b8a4-11f0-b13a-430b8706e058/issue/a26542c2-c063-11f0-92df-afc8b2c09990,Per-issue deep link,https://axeauditor.dequecloud.com/test-run/9e878f64-b8a4-11f0-b13a-430b8706e058,Innovaccer - Case and Care Management Web Mobile (Tablet) Audit_11-03-25-04:31,Task,"Make DOM order match visual reading order; inject dynamically revealed content (menus, popovers, inline messages) immediately after its trigger and keep hidden content out of the reading order with `hidden`/`display:none` rather than visual offsets.",Not a DS defect — product/page level,,
A11Y-147,Design System — component,VerticalNav,core/components/organisms/verticalNav,1,0,0,0,Open:1,High (declared in source report),Selected state of the element is missing or incorrect,state-selected-missing-incorrect,4.1.2,"Name, Role, Value",A,4.1 Compatible,4 Robust,Serious,1,Serious:1,Innovaccer - Incare Web Audit MDS issues found,2419192,2419192: https://axeauditor.dequecloud.com/test-run/aa8a8272-ae0d-11f0-a2d2-5f492969aa5d/issue/2e991236-d5b9-11f0-a160-571dbe3de744,Per-issue deep link,https://axeauditor.dequecloud.com/test-run/aa8a8272-ae0d-11f0-a2d2-5f492969aa5d,Innovoccer - Case and Care Management Web Audit_10-21-25-05:06,Left Navbar,"Expose correct name, role, value and state: use native semantics first, otherwise set the right `role` plus `aria-label`/`aria-labelledby`, and keep `aria-expanded`, `aria-selected`, `aria-sort`, `aria-checked` and required ARIA attributes in sync with the visual state. Avoid nested interactive elements.",Open — remediation required (1 occurrences),,
A11Y-148,Product / page level,VerticalNav,core/components/organisms/verticalNav,0,1,0,0,Fixed:1,High (declared in source report),Functionality is lost at 200% zoom,resize-text-function-lost,1.4.4,Resize text,AA,1.4 Distinguishable,1 Perceivable,Serious,1,Serious:1,Innovaccer - Incare Web Audit MDS issues found,2414217,2414217: https://axeauditor.dequecloud.com/test-run/aa8a8272-ae0d-11f0-a2d2-5f492969aa5d/issue/6853ea2a-d463-11f0-99ee-6b81825c4ae3,Per-issue deep link,https://axeauditor.dequecloud.com/test-run/aa8a8272-ae0d-11f0-a2d2-5f492969aa5d,Innovoccer - Case and Care Management Web Audit_10-21-25-05:06,Left Navbar,Keep all content and function available at 200% text zoom — use relative units (`rem`) and avoid fixed heights that clip or hide controls.,Not a DS defect — product/page level,,
A11Y-149,Design System — component,Button / Link,"core/components/atoms/button, core/components/atoms/link",1,0,0,0,Open:1,Medium (inferred from Deque rule id),Anchor or button nested inside other anchor or button,button-link-nested,4.1.2,"Name, Role, Value",A,4.1 Compatible,4 Robust,Moderate,1,Moderate:1,Innovaccer - User Admin and Help Guide Web Audit,2341689,2341689,Test-run link only — source export omits per-issue auditor URLs; find by Issue ID in the run,https://axeauditor.dequecloud.com/test-run/fb2d5e00-ae0a-11f0-8290-5faeec950510,,Help - DAP - Overview,"Expose correct name, role, value and state: use native semantics first, otherwise set the right `role` plus `aria-label`/`aria-labelledby`, and keep `aria-expanded`, `aria-selected`, `aria-sort`, `aria-checked` and required ARIA attributes in sync with the visual state. Avoid nested interactive elements.",Open — remediation required (1 occurrences),,
A11Y-150,Design System — component,HorizontalNav,core/components/organisms/horizontalNav,1,0,0,0,Open:1,"High (markup — source report declared non-component ""HoverContrast"")",Control text lacks 4.5:1 contrast ratio on hover or focus,contrast-link-infocus-4.5-1,1.4.3,Contrast (Minimum),AA,1.4 Distinguishable,1 Perceivable,Moderate,1,Moderate:1,Innovaccer - Incare Web Audit MDS issues found,2344221,2344221: https://axeauditor.dequecloud.com/test-run/aa8a8272-ae0d-11f0-a2d2-5f492969aa5d/issue/72b1eb86-b0da-11f0-82da-0b4ae7f985b7,Per-issue deep link,https://axeauditor.dequecloud.com/test-run/aa8a8272-ae0d-11f0-a2d2-5f492969aa5d,Innovoccer - Case and Care Management Web Audit_10-21-25-05:06,Edit contact details and preferences' dialog,Raise text contrast to at least 4.5:1 (3:1 for large text) using approved contrast-safe design tokens from `css/src/variables/index.css`; applies to placeholder and in-focus/hover link text too.,Open — remediation required (1 occurrences),,
A11Y-151,Product / page level,N/A — product focus management,,1,0,0,0,Open:1,N/A (not a DS defect),Keyboard focus does not move to intended target,focus-not-moved,2.4.3,Focus Order,A,2.4 Navigable,2 Operable,Moderate,1,Moderate:1,Innovaccer - User Admin and Help Guide Web Audit,2349643,2349643,Test-run link only — source export omits per-issue auditor URLs; find by Issue ID in the run,https://axeauditor.dequecloud.com/test-run/fb2d5e00-ae0a-11f0-8290-5faeec950510,,Own User details page,"Keep focus order logical and trap focus inside modals/overlays: move focus to the dialog on open, cycle within it, restore focus to the trigger on close, and never focus visually hidden items.",Not a DS defect — product/page level,,
A11Y-152,Design System — component,Popover,core/components/molecules/popover,1,0,0,0,Open:1,High (declared in source report),Programmatic label does not convey purpose of control,label-programmatic-not-descriptive,2.4.6,Headings and Labels,AA,2.4 Navigable,2 Operable,Moderate,1,Moderate:1,Innovaccer - Incare Web Audit MDS issues found,2350159,2350159: https://axeauditor.dequecloud.com/test-run/aa8a8272-ae0d-11f0-a2d2-5f492969aa5d/issue/703c6c7c-b487-11f0-ac90-8ffc4a45cc7b,Per-issue deep link,https://axeauditor.dequecloud.com/test-run/aa8a8272-ae0d-11f0-a2d2-5f492969aa5d,Innovoccer - Case and Care Management Web Audit_10-21-25-05:06,Chronic Care Management,"Give each control a unique, descriptive programmatic label that starts with its visible text; disambiguate repeated controls (e.g. multiple ""Edit"" buttons) with row/section context, and use meaningful `title`/heading text.",Open — remediation required (1 occurrences),,
A11Y-153,Design System — component,RichTextEditor,core/components/atoms/editable,1,0,0,0,Open:1,High (declared in source report),Screen reader focus does not move to intended target,focus-not-moved-screen-reader,1.3.2,Meaningful Sequence,A,1.3 Adaptable,1 Perceivable,Moderate,1,Moderate:1,Innovaccer - Incare Web Audit MDS issues found,2412016,2412016: https://axeauditor.dequecloud.com/test-run/aa8a8272-ae0d-11f0-a2d2-5f492969aa5d/issue/7936ea60-d37b-11f0-9032-4741322386a8,Per-issue deep link,https://axeauditor.dequecloud.com/test-run/aa8a8272-ae0d-11f0-a2d2-5f492969aa5d,Innovoccer - Case and Care Management Web Audit_10-21-25-05:06,New Task,"Make DOM order match visual reading order; inject dynamically revealed content (menus, popovers, inline messages) immediately after its trigger and keep hidden content out of the reading order with `hidden`/`display:none` rather than visual offsets.",Open — remediation required (1 occurrences),,
A11Y-154,Design System — component,VerticalNav,core/components/organisms/verticalNav,1,0,0,0,Open:1,High (declared in source report),Group of navigation links missing semantics,semantic-nav,1.3.1,Info and Relationships,A,1.3 Adaptable,1 Perceivable,Moderate,1,Moderate:1,Innovaccer - Incare Web Audit MDS issues found,2344795,2344795: https://axeauditor.dequecloud.com/test-run/aa8a8272-ae0d-11f0-a2d2-5f492969aa5d/issue/89be1052-b233-11f0-838c-ef2ba1220438,Per-issue deep link,https://axeauditor.dequecloud.com/test-run/aa8a8272-ae0d-11f0-a2d2-5f492969aa5d,Innovoccer - Case and Care Management Web Audit_10-21-25-05:06,Left Navbar,"Convey structure semantically: real `<ul>/<ol>` with only `<li>` children, `<table>` with `<th scope>` header cells, heading levels in sequential order, and programmatically associated group labels (`<fieldset>/<legend>` or `role=""group""` + `aria-labelledby`).",Open — remediation required (1 occurrences),,
